activity_code,01911,01912,01913,01914,01915,01916,01917,01918,01919,01921,01922,01923,01924,02801,02802,05801,05802,06801,07911,07921,10911,10912,10913,10914,10915,10916,10921,10931,10932,10933,10934,10935,10936,10937,11001,12001,13001,13002,13003,14001,15001,16001,17001,17002,18001,19911,19912,19913,19914,19915,19916,19921,20911,20912,20913,20914,20921,20922,20923,20931,21001,22001,22002,23001,23002,23003,24911,24912,24921,24922,25001,26001,26002,26003,26004,27001,27002,28001,28002,28003,29911,29912,29921,30001,31801,31802,33001,35001,36801,41801,41802,41803,45801,49001+51001,49002,50001,52801,52802,55001,56001,58001,59801,61001,62801,64801,68001,68002,69801,71801,71802,73801,77001,78801,78802,80001,84001,84002,85911,85921,86911,86921,90801,94801,94802,94803,97001
0191,0.949408672798949,0.942956893069421,0.998957971517888,0.994608262373108,0.97593343045633,0.955179001578204,0.993179796382327,0.95590570927025,0.965513191889141,0.0670745149911817,0.0972976689816406,0.0566839867737364,0.0196122778675283,0.0394845726445206,0.0312772669306665,0.0,0.00250987931218627,0.0,0.0,0.0,0.000776032693047032,0.00173924246328266,0.0,0.0,0.0,0.00243071573045669,0.00449651290835679,0.00234034254104464,0.00015017833677492,0.00850451393431899,0.0284365645866912,0.0449045507134593,0.0,0.000138241415592096,0.00249215776226551,0.00411416816662381,0.12128734058033,0.0,0.0,0.0,0.0,0.000593545968573303,0.0,0.0,0.0,0.0,0.0,0.0,0.0,0.0,0.0,0.000331526936563596,0.0,0.0,0.0,0.0,0.0,0.0,0.0,0.0,0.0,0.0,0.0,0.0,0.0,0.0,0.0,0.0,0.0,0.0,0.0,0.0,0.0,0.0,0.0,0.0,0.0,0.0,0.0,0.0,0.0,0.0,0.0,0.0,0.0,0.0,0.0,0.0,0.0,0.00165209695200534,2.9678874577076e-05,0.0126241373506144,0.0,0.0,0.0,0.0,0.0,0.0,0.000988107421392526,0.0,0.0,0.0,0.0,0.0,0.0,0.000166228239684499,0.0,0.0,0.0,0.0,0.0,0.0,0.0,0.0,0.0,0.0,0.0,0.0,0.0,0.0,0.0,0.0,0.0,0.0,0.0,0.0
0192,0.0299770039421813,0.0504068324773501,0.000972559916637721,0.00537314542817834,0.0236848634446431,0.0374781958634438,0.00682020361767322,0.0338543843517512,0.02278243169185,0.928681657848324,0.899986247679296,0.943316013226264,0.97983844911147,0.0624187256176853,0.0360426874286865,0.0,0.0112677560610915,0.0,0.0,0.0,0.00281222856654658,0.00296315382633342,0.000450060008001067,0.0,0.0,0.023987793193996,0.00152942615930503,0.00109925179958158,3.75445841937301e-05,0.00418683762920319,0.00172691687773428,0.0163179714616275,0.0,0.000192001966100133,0.00319888906798259,0.00250707122653638,0.0444235213558161,0.0,0.0,0.0,0.0,0.000718503014588735,0.0,0.0,0.0,0.0,0.0,0.0,0.0,0.0,0.0,0.0,0.0,0.0,0.0,0.0,0.0,0.0,0.0,0.0,0.0,0.0,0.0,0.0,0.0,0.0,0.0,0.0,0.0,0.0,0.0,0.0,0.0,0.0,0.0,0.0,0.0,0.0,0.0,0.0,0.0,0.0,0.0,0.0,0.0,0.0,0.0,0.0,0.0,0.00292843501079142,5.93577491541521e-05,0.0228146215564159,0.0,0.0,0.0,0.0,0.0,0.0,0.0041288774393902,0.0,0.0,0.0,0.0,0.0,0.0,9.55812378185868e-05,0.0,0.0,0.0,0.0,0.0,0.0,0.0,0.0,0.0,0.0,0.0,0.0,0.0,0.0,0.0,0.0,0.0,0.0,0.0,0.0
0280,0.00073915900131406,0.00173120203127705,0.0,1.85921987134198e-05,0.000381706099027286,0.00202674640750893,0.0,0.00108668394215498,0.00438424802317388,0.00344466490299824,0.00268170253730317,0.0,0.000549273021001615,0.886866059817945,0.932680045640647,0.0,0.000961230374879846,0.0,0.0,0.0,2.84782639650287e-05,6.44163875289874e-05,0.0,0.0018848167539267,0.0,7.09698023491005e-05,9.17655695583017e-05,0.000921953122229708,2.502972279582e-05,0.0001308386759126,0.000460511167395809,0.00752024681835712,0.0,2.30402359320159e-05,8.67915638599928e-05,6.4283877603497e-05,0.000513566720876487,0.0,0.0,0.0,0.0,0.000124957046015432,0.0,0.0,0.0,0.0,0.0,0.0,0.0,0.0,0.0,0.0,0.0,0.0,0.0,0.0,0.0,0.0,0.0,0.0,0.0,0.0,0.0,0.0,0.0,0.0,0.0,0.0,0.0,0.0,0.0,0.0,0.0,0.0,0.0,0.0,0.0,0.0,0.0,0.0,0.0,0.0,0.0,0.0,0.0,0.0,0.0,0.0,0.0,0.000211170287098427,0.0,0.00169023172305448,0.0,0.0,0.0,0.0,0.0,0.0,0.000458764159932244,0.0,0.0,0.0,0.0,0.0,0.0,4.15570599211247e-06,0.0,0.0,0.0,0.0,0.0,0.0,0.0,0.0,0.0,0.0,0.0,0.0,0.0,0.0,0.0,0.0,0.0,0.0,0.0,0.0
0580,0.0,0.0,0.0,0.0,0.0,0.0,0.0,0.0,0.0,0.0,0.0,0.0,0.0,0.0,0.0,1.0,0.906440243511695,0.0,0.0,0.00039799863543325,0.0,0.0,0.0,0.0,0.0,0.0,0.0,0.0,0.0,0.0,0.0,0.0,0.0,0.00122113250439684,7.4392769022851e-05,0.0,0.0,0.0,0.0,0.0,0.0,0.0,0.00018278671401713,0.0,0.0,0.0,0.0,0.0,0.0,0.0,0.0,0.0,0.00471949658703072,0.00126272590955726,0.000127986348122867,0.0,0.0,0.000269278669763371,0.0,0.0,0.0,0.0,0.0,0.0642908167314866,0.00545634920634921,0.00939649525057321,0.0,0.0,0.0,0.0,0.0,0.0,0.0,0.0,0.0,0.0,0.0,0.0,0.0,0.0,0.0,0.0,0.0,0.0,0.0,0.0,0.0,0.0,0.0,0.0,0.0,0.0,2.12373015231229e-05,0.0,0.0,0.0,0.0,0.0,0.0,0.0,0.0,0.0,0.0,0.0,0.0,0.000257653771510973,0.0,0.0,0.000187863986473793,0.0,0.0,0.0,0.0,0.0,0.0,0.0,0.0,0.0,0.0,0.0,0.0,0.0,0.0,0.0,0.0,0.0
0680,0.0,0.0,0.0,0.0,0.0,0.0,0.0,0.0,0.0,0.0,0.0,0.0,0.0,0.0,0.0,0.0,0.00283028943714621,0.998126681409074,0.0,0.0,0.0,0.0,0.0,0.0,0.0,0.0,0.0,0.0,0.0,0.0,0.0,0.0,0.0,0.0,0.0,0.0,0.0,0.0,0.0,0.0,0.0,0.0,0.0,0.0,0.0,0.0,0.0,0.0,0.0,0.0,0.0158536950981862,0.0,0.000719923208191126,0.0,0.0,0.0,0.0,0.0,0.0,0.0,0.0,0.0,0.0,0.0,0.0,0.0,0.0,0.0,0.0,0.0,0.000599329138029367,0.0,0.0,0.0,0.0,0.0,0.0,0.0,0.000270745904968187,0.0,0.0,0.0,0.0,0.0,0.0,0.0,0.0,0.0,0.0,0.0,0.0985437565540848,0.0,0.0,0.0,0.0,0.0,0.0,0.0,0.0,0.0,0.0,0.0,0.0,0.0,0.0,0.00225654835371707,0.0,0.0,0.00104368881374329,0.0,0.0,0.0,0.0,0.0,0.0,0.0,0.0,0.0,0.0,0.0,0.0,0.0,0.0,0.0,0.0,0.0
0791,0.0,0.0,0.0,0.0,0.0,0.0,0.0,0.0,0.0,0.0,0.0,0.0,0.0,0.0,0.0,0.0,0.0,0.0,0.996069617710607,0.0227427791676143,0.0,0.0,0.0,0.0,0.0,0.0,0.0,0.0,0.0,0.0,0.0,0.0,0.0,0.0,0.0,0.0,0.0,0.0,0.0,0.0,0.0,0.0,0.0,0.0,0.0,0.0,0.0,0.0,0.0,0.0,0.0,0.0,0.0,0.0,0.0,0.0,0.0,0.0,0.0,0.0,0.0,0.0,0.0,0.0,0.0,0.0,0.0,0.0,0.0,0.0,0.0,0.0,0.0,0.0,0.0,0.0,0.0,0.0,0.0,0.00036164561224108,0.0,0.0,0.0,0.0,0.0,0.0,0.0,0.0,0.0,0.0,0.0,0.0,5.71773502545617e-06,0.0,0.0,0.0,0.0,0.0,0.0,0.0,0.0,0.0,0.0,0.0,0.0,2.49342359526748e-05,0.0,0.0,0.00298495000730582,0.0,0.0,0.0,0.0,0.0,0.0,0.0,0.0,0.0,0.0,0.0,0.0,0.0,0.0,0.0,0.0,0.0
0792,0.0,0.0,0.0,0.0,0.0,0.0,0.0,0.0,0.0,0.0,0.0,0.0,0.0,0.0,0.0,0.0,0.00400512656199936,0.0,0.0,0.971969524675915,0.0,0.0,0.0,0.0,0.0,0.0,0.0,0.0,0.0,0.0,0.0,0.0,0.0,0.0,0.0,0.0,0.0,0.0,0.0,0.0,0.0,0.0,0.0,0.0,0.0,0.0,0.0,0.0,0.0,0.0,0.0,0.0,0.0010132252559727,0.0,0.0,0.0,0.0,0.0,0.0,0.0,0.0,0.0,0.000471748180821078,0.0,0.0,0.0,0.010890127307122,0.0,0.0132718497950549,0.0,0.0,0.0,0.0,0.0,0.0,0.0,0.0,0.0,0.0,0.0,0.0,0.0,0.0,0.0,0.0,0.0,0.0,0.0,0.0,0.0,0.0,0.0,0.0,0.0,0.0,0.0,0.0,0.0,0.0,0.0,0.0,0.0,0.0,0.0,0.0,0.0,0.0,0.0,0.000187863986473793,0.0,0.0,0.0,0.0,0.0,0.0,0.0,0.0,0.0,0.0,0.0,0.0,0.0,0.0,0.0,0.0,0.0
1091,0.0,0.0,0.0,0.0,0.0,0.0,0.0,0.0,0.0,0.0,0.0,0.0,0.0,0.0,0.0,0.0,0.0,0.0,0.0,0.0,0.97853450853636,0.977003349652152,0.920156020802774,0.990366492146597,0.840726979721563,0.953709946417799,0.0,0.010354242757349,0.0183217570865403,0.0,0.0,0.00549556498264558,0.0393152592349906,0.0111821945056717,0.00332287701635401,0.0,0.0,0.0,0.0,0.0,0.00121484401861233,0.0,0.0,0.0,0.0,0.0,0.0,0.0,0.0,0.0,0.0,0.0,0.0,0.0,0.000831911262798635,0.0,0.0,0.00437577838365478,0.0,0.0,0.0,0.0,0.000813765611916359,0.0,0.0,0.0,0.0,0.0,0.0,0.0,0.0,0.0,0.0,0.0,0.0,0.0,0.0,0.0,0.0,0.00447692326877751,0.0,0.0,0.0,0.0,0.0,0.000960839306118209,0.0,0.0,0.0,0.0,0.0,0.0,0.000894417121839216,0.0,0.0,0.0,0.0,0.0,0.0,0.0,0.0,0.0,0.0,0.0,0.0,0.000760494196556582,0.0,0.0,0.00455048322792076,0.0,0.0,0.0,0.0,0.0,0.0,0.0,0.0,0.0,0.0,0.0,0.0,0.0,0.0,0.0,0.0,0.0
1092,0.0,0.0,0.0,0.0,0.0,0.0,0.0,0.0,0.0,0.0,0.0,0.0,0.0,0.0,0.0,0.0,0.0,0.0,0.0,0.0,0.0,0.0,0.0,0.0,0.0,0.0,0.813838247889392,0.0,0.0,0.0011121287452571,0.00328114206769514,0.00115696104897802,0.0,0.000268802752540186,0.000458755408974248,0.0,0.0,0.0,0.0,0.0,0.0,0.0,0.0,0.0,0.0,0.0,0.0,0.0,0.0,0.0,0.0,0.300337902454574,0.000159982935153584,0.0,0.0,0.0,0.0,0.0,0.0,0.0,0.0,0.0,0.0,0.0,0.0,0.0,0.0,0.0,0.0,0.0,0.0,0.0,0.0,0.0,0.0,0.0,0.0,0.0,0.0,0.00794373293095063,0.0,0.0,0.0,0.0,0.0,0.0,0.000113115773994684,0.0,0.0,0.0,0.0,0.0,0.000294054944166317,0.0,0.0,0.0,0.0,0.0,0.0,0.0,0.0,0.0,0.0,0.0,0.0,0.000531930366990396,0.0,0.0,0.00125242657649195,0.0,0.0,0.0,0.0,0.0,0.0,0.0,0.0,0.0,0.0,0.0,0.0,0.0,0.0,0.0,0.0,0.0
1093,0.0,0.0,0.0,0.0,0.0,0.0,0.0,0.0,0.0,0.0,0.0,0.0,0.0,0.0,0.0,0.0,0.00555377549930578,0.0,0.0,0.0,0.006948696407467,0.0182298376707034,0.0270536071476197,0.00774869109947644,0.0,0.019800574855399,0.0118071699498348,0.95443423992057,0.895976472060572,0.96905665314667,0.913884411696984,0.877217508677208,0.947661561143419,0.765066394279877,0.0295339293020718,0.0,0.0,0.0,0.0,0.0,0.000802255483989273,0.000499828184061729,0.0,0.0,0.0,0.0,0.0,0.0,0.0,0.0,0.0,0.0775390500478164,0.00282636518771331,0.00984531607607924,0.0152090443686007,0.0,0.000199715405547095,0.0626072907199838,0.0,0.00517578741399987,0.0042881968319852,0.00049818990999369,0.000518922998903186,0.0,0.0,0.0,0.0,0.0,0.0,0.0,0.00239731655211747,0.0,0.0,0.0,0.0,0.0,0.0,0.0,0.0,0.000573644764244472,0.0,0.0,0.0,0.0,0.0,0.0,0.0,0.0,0.0,0.0,0.0,0.0,0.00547513969651896,0.0,0.0,0.0,0.0,0.0,0.0,0.0,0.0,0.0,0.0,0.0,0.0,0.00373597968690911,0.0,0.0,0.0053228129500908,0.0,0.0,0.0,0.0,0.0,0.0,0.0,0.0,0.0,0.0,0.0,0.0,0.0,0.0,0.0,0.0,0.0
1100,0.0,0.0,0.0,0.0,0.0,0.0,0.0,0.0,0.0,0.0,0.0,0.0,0.0,0.0,0.0,0.0,0.0,0.0,0.0,0.0,0.0,0.0,0.0,0.0,0.0,0.0,0.000244708185488805,0.022410552817276,0.0,0.0,0.0,0.00178364828384111,0.0,0.00261890681760581,0.940783355857811,0.0,0.0,0.0,0.0,0.0,0.0,0.0,0.0,0.0,0.0,0.0,0.0,0.0,0.0,0.0,0.0,0.00188715333120816,0.0,0.0,0.0,0.0,0.0,0.00228886869298866,0.0,0.0,0.0,0.0,0.0,0.0,0.0,0.0,0.0,0.0,0.0,0.0,0.00188498680509236,0.0,0.0,0.0,0.0,0.0,0.0,0.0,0.0,0.00117223060519523,0.0,0.0,0.0,0.0,0.0,0.0,0.0,0.0,0.0,2.1738117789544e-05,0.0,0.0,0.000579941695439126,0.0,0.0,0.0,0.0,0.0,0.0,0.0,0.0,0.0,0.0,0.0,0.0,0.00159163539497908,0.0,0.0,0.000146116433924061,0.0,0.0,0.0,0.0,0.0,0.0,0.0,0.0,0.0,0.0,0.0,0.0,0.0,0.0,0.0,0.0,0.0
1200,0.0,0.0,0.0,0.0,0.0,0.0,0.0,0.0,0.0,0.0,0.0,0.0,0.0,0.0,0.0,0.0,0.0,0.0,0.0,0.0,0.0,0.0,0.0,0.0,0.0,0.0,0.0,0.0,0.0,0.0,0.0,0.0,0.0,0.0,0.0,0.993314476729236,0.0,0.0,0.0,0.0,0.0,0.0,0.0,0.0,0.0,0.0,0.0,0.0,0.0,0.0,0.0,0.0,0.0,0.0,0.0,0.0,0.0,0.0,0.0,0.0,0.0,0.0,0.0,0.0,0.0,0.0,0.0,0.0,0.0,0.0,0.0,0.0,0.0,0.0,0.0,0.0,0.0,0.0,0.0,0.000760702839541583,0.0,0.0,0.0,0.0,0.0,0.0,0.0,0.0,0.0,0.0,0.0,0.0,8.08651096457373e-05,0.0,0.0,0.0,0.0,0.0,0.0,0.0,0.0,0.0,0.0,0.0,0.0,2.49342359526748e-05,0.0,0.0,0.00158640699688981,0.0,0.0,0.0,0.0,0.0,0.0,0.0,0.0,0.0,0.0,0.0,0.0,0.0,0.0,0.0,0.0,0.0
1300,0.0,0.0,0.0,0.0,0.0,0.0,0.0,0.0,0.0,0.0,0.0,0.0,0.0,0.0,0.0,0.0,0.0,0.0,0.0,0.0,0.0,0.0,0.0,0.0,0.0,0.0,0.0,0.0,0.00016269319817283,0.0,0.0,0.0,0.0,0.0,0.0,0.0,0.829410254215527,0.966554316826549,0.911690528848019,0.00615580556145192,0.00116900084809865,0.000468588922557871,0.0,0.000129286196543749,0.000764379896808714,0.0,0.0,0.0,0.0,0.0,0.0,0.0,0.000159982935153584,0.0,0.000213310580204778,0.0103319928125267,0.0,0.0,0.0,0.0,0.0,0.00102959248065363,0.00408062176410232,0.0,0.0,0.00112594169669178,0.0,6.30214036442127e-05,0.000429723654634404,0.0,0.00126632446906205,0.0,0.0,0.0,0.0,0.000727092456415765,0.0,0.000396087870570671,0.000315870222462885,0.00017458753694397,0.0,0.00121016538926987,0.00165660868536268,0.0,0.000179096840220033,0.00747896540978498,0.0,0.0,0.0,0.0,0.0,0.0,0.000224625304571493,0.0,0.0,0.0,0.0,0.0,0.0,0.0,0.0,0.0,0.0,0.0,0.0,0.00183682204851371,0.0,0.0,0.00081407727471977,0.0,0.0,0.0,0.0,0.0,0.0,0.0,0.0,0.0,0.0,0.0,0.0,0.0,0.0,0.0,0.0,0.0
1400,0.0,0.0,0.0,0.0,0.0,0.0,0.0,0.0,0.0,0.0,0.0,0.0,0.0,0.0,0.0,0.0,0.0,0.0,0.0,0.0,0.0,0.0,0.0,0.0,0.0,0.0,0.0,0.0,0.0,0.0,0.0,0.0,0.0,0.0,0.0,0.0,0.000513566720876487,0.0229712211563391,0.00488883715516238,0.982321011614155,0.00637220070140051,0.0,0.0,0.0,0.0,0.0,0.0,0.0,0.0,0.0,0.0,0.0,0.0,0.0,0.0,0.0,0.0,0.0,0.0,0.0,0.0,0.0,0.000141524454246323,0.0,0.0,0.0,0.0,0.0,0.0,0.0,0.0,0.0,0.0,0.0,0.0,0.0,0.0,0.0,0.0,7.48232301188442e-05,0.0,0.0,0.0,0.0,0.0,0.00415498078321388,0.0,0.0,0.0,0.0,0.0,0.0,0.000366751860918546,0.0,0.0,0.0,0.0,0.0,0.0,0.0,0.0,0.0,0.0,0.0,0.0,0.000332456479368998,0.0,0.0,0.00175339720708873,0.0,0.0,0.0,0.0,0.0,0.0,0.0,0.0,0.0,0.0,0.0,0.0,0.0,0.0,0.0,0.0,0.0
1500,0.0,0.0,0.0,0.0,0.0,0.0,0.0,0.0,0.0,0.0,0.0,0.0,0.0,0.0,0.0,0.0,0.0,0.0,0.0,0.0,0.00143103276424269,0.0,0.0,0.0,0.0,0.0,0.0,0.0,0.0,0.0,0.0,0.0,0.0,0.0,0.0,0.0,0.0,0.0,0.0021728165134055,0.00169815325833156,0.98108969216311,0.0,0.0,0.0,0.000716606153258169,0.0,0.0,0.0,0.0,0.0,0.0,0.0,0.0,0.0,0.0,0.0,0.0,0.000437577838365478,0.0,0.0,0.0,0.00199275963997476,0.00115578304301164,0.0,0.0,0.0,0.0,0.0,0.0,0.0,6.76661930033156e-05,0.0,0.0,0.0,0.0,0.0,0.0,0.0,0.0,0.000112234845178266,0.0,0.0,0.000335266043466256,0.0,0.0,0.000415498078321388,0.0,0.0,0.0,0.0,0.0,0.0,2.94054944166317e-05,0.0,0.0,0.0,0.0,0.0,0.0,0.0,0.0,0.0,0.0,0.0,0.0,5.81798838895746e-05,0.0,0.0,0.00782766610307471,0.0,0.0,0.0,0.0,0.0,0.0,0.0,0.0,0.0,0.0,0.0,0.0,0.0,0.0,0.0,0.0,0.0
1600,0.0,0.0,0.0,0.0,0.0,0.0,0.0,0.0,0.0,0.0,0.0,0.0,0.0,0.0,0.0,0.0,0.0,0.0,0.0,0.0,0.0,0.0,0.0,0.0,0.0,0.0,0.0,0.00021275841282224,0.0,0.0,0.0,0.000457963748553799,0.0,0.0,0.0,0.0,0.0,0.0,0.0,0.0,0.0,0.985036393739652,0.0,0.000129286196543749,0.0,0.0,0.0,0.0,0.0,0.0,0.0,0.0,0.0,0.0,0.0,0.0,0.0,0.0,0.0,0.0,0.0,0.0,0.000165111863287377,0.0,0.0,0.0,0.0,0.0,0.0,0.0,0.000347997564017052,0.0,0.0,0.0,0.0,0.0,0.0,0.0,0.0,0.000137175921884548,0.0,0.0,0.0,0.0,0.00130484840731739,0.000649215747377168,0.0,0.0,0.0,0.0,0.0,0.0,4.8192338071702e-05,0.0,0.0,0.0,0.0,0.0,0.0,0.0,0.0,0.0,0.0,0.0,0.0,0.0036653326850432,0.0,0.0,0.000897572379819233,0.0,0.0,0.0,0.0,0.0,0.0,0.0,0.0,0.0,0.0,0.0,0.0,0.0,0.0,0.0,0.0,0.0
1700,0.0,0.0,0.0,0.0,0.0,0.0,0.0,0.0,0.0,0.0,0.0,0.0,0.0,0.0,0.0,0.0,0.0,0.0,0.0,0.0,0.0,0.0,0.0,0.0,0.0,0.0,0.0,0.0,0.0,0.0,0.0,0.000313343617431546,0.0,0.0,0.0,0.0,0.0,0.0,0.000582004423233617,0.0,0.000458431705136727,0.000874699322108025,0.999817213285983,0.974602444945628,0.0136155169119052,0.0,0.0,0.0,0.0,0.0,0.0,0.0,0.000239974402730375,0.0,0.0,0.000128347736801574,0.0,0.000774176175569693,0.0,0.00317700772160155,0.0,0.0,0.00443443289971813,0.0,0.0,0.0,0.0,0.0,0.00041319582176385,0.0,0.000173998782008526,0.0,0.000553600379611689,0.0,0.0,0.0,0.0,0.0,0.0,0.000436468842359925,0.0,0.0,0.0,0.0,0.0,0.00173989820297081,0.000950172501555342,0.0,0.0,0.0,0.0,0.0,8.49492060924917e-05,0.0,0.0,0.0,0.0,0.0,0.0,0.0,0.0,0.0,0.0,0.0,0.0,0.00830725627823283,0.0,0.0,0.00394514371594965,0.0,0.0,0.0,0.0,0.0,0.0,0.0,0.0,0.0,0.0,0.0,0.0,0.0,0.0,0.0,0.0,0.0
1800,0.0,0.0,0.0,0.0,0.0,0.0,0.0,0.0,0.0,0.0,0.0,0.0,0.0,0.0,0.0,0.0,0.0,0.0,0.0,0.0,0.0,0.0,0.0,0.0,0.0,0.0,0.0,0.0,0.0,0.0,0.0,0.0,0.0,0.0,0.0,0.0,0.0,0.0,0.000310402359057929,0.0,0.0,0.0,0.0,0.00879146136497493,0.905551309000573,0.0,0.0,0.0,0.0,0.0,0.0,0.0,0.0,0.0,0.0,0.0,0.0,0.0,0.00190328912151311,0.0,0.0,0.0,0.0012265452701348,0.0,0.0,0.0,0.0,0.0,0.0,0.0,0.0,0.0,0.0,0.0,0.0,0.0,0.0,0.0,0.0,3.74116150594221e-05,0.0,0.0,0.0,0.0,0.0,0.00612859665524047,0.0,0.0,0.0,0.0,0.0,0.0,0.000109453784773018,0.0,0.0,0.0,0.0,0.0,0.0,0.0,0.0,0.0,0.0,0.0,0.0,0.00514891972422735,0.0,0.0,0.000208737762748659,0.0,0.0,0.0,0.0,0.0,0.0,0.0,0.0,0.0,0.0,0.0,0.0,0.0,0.0,0.0,0.0,0.0
1991,0.0,0.0,0.0,0.0,0.0,0.0,0.0,0.0,0.0,0.0,0.0,0.0,0.0,0.0,0.0,0.0,0.0,0.000112680817499331,0.0,0.0,0.0,0.0,0.0,0.0,0.0,0.0,0.0,0.0,0.0,0.0,0.0,0.0,0.0,0.0,0.0,0.0,0.0,0.0,0.0,0.0,0.0,0.0,0.0,0.0,0.0,1.0,1.0,1.0,1.0,1.0,0.945465447459152,0.0,0.00274637372013652,0.0,0.000661262798634812,0.0,0.0,0.00787640109057861,0.000416344495330994,0.0,0.0,0.0,0.0,0.0,0.0,0.0,0.0,0.0,0.0,0.0,0.0,0.0,0.0,0.0,0.0,0.0,0.0,0.0,0.0,1.24705383531407e-05,0.0,0.0,0.0,0.0,0.0,0.0,0.0,0.0,0.0,0.0,0.0,0.0,1.71532050763685e-05,0.0,0.0,0.0,0.0,0.0,0.0,0.0,0.0,0.0,0.0,0.0,0.0,0.00120515473771262,0.0,0.0,0.0,0.0,0.0,0.0,0.0,0.0,0.0,0.0,0.0,0.0,0.0,0.0,0.0,0.0,0.0,0.0,0.0,0.0
1992,0.0,0.0,0.0,0.0,0.0,0.0,0.0,0.0,0.0,0.0,0.0,0.0,0.0,0.0,0.0,0.0,0.0,0.0,0.0,0.0,0.0,0.0,0.0,0.0,0.0,0.0,0.167747461152576,0.0,0.00989925536574682,0.0,0.0,0.00400115696104898,0.0,0.000153601572880106,0.00147545658561988,0.0,0.0,0.0,0.0,0.0,0.0,0.0,0.0,0.0,0.0,0.0,0.0,0.0,0.0,0.0,0.0,0.604972904048454,0.000506612627986348,0.0,0.000831911262798635,0.0,0.0,0.0,0.0,0.00385028088114625,0.0,0.0,0.000365604840136335,0.0,0.0,0.0,0.0,0.0,0.0,0.0,0.0,0.0,0.0,0.0,0.0,0.0,0.0,0.0,0.0,0.00204516828991508,0.0,0.0,0.0,0.0,0.0,0.0,0.00020360839319043,0.0,0.0,0.0,0.0,0.0,7.10632781735267e-05,0.0,0.0,0.0,0.0,0.0,0.0,0.0,0.0,0.0,0.0,0.0,0.0,0.000295055125439985,0.0,0.0,0.0,0.0,0.0,0.0,0.0,0.0,0.0,0.0,0.0,0.0,0.0,0.0,0.0,0.0,0.0,0.0,0.0,0.0
2091,0.0,0.0,0.0,0.0,0.0,0.0,0.0,0.0,0.0,0.0,0.0,0.0,0.0,0.0,0.0,0.0,0.0135640286233045,0.0,9.77166867528745e-05,0.00102342506254264,0.000676358769169431,0.0,0.0,0.0,0.000447647611799991,0.0,0.0,0.0,0.00172705087291158,0.0,0.0,0.00190416505977632,0.000873672427444235,0.000998410223720691,0.0,0.0,0.00291021141830009,0.0,0.000426803243704652,0.0,0.000320902193595709,0.0,0.0,0.0,0.000334416204853812,0.0,0.0,0.0,0.0,0.0,0.0206625693299355,0.000981829773669111,0.812579991467577,0.971312445742246,0.911305460750853,0.91439205955335,0.00579174676086577,0.0919586657241913,0.0280140367572712,0.0237118390877149,0.00151274582119594,0.00348732936995583,0.00482362514889552,0.0,0.0,0.00180150671470685,0.00536837261618692,0.0,0.000148750495834986,0.0,0.0,0.0,0.0,0.0,0.0,0.0,0.0,0.0,0.0,0.00173340483108656,0.0,0.0,0.000187354553701732,0.0,0.0,0.00197361587202659,0.0,0.0,0.0,0.0,0.0,0.0,0.000543184827418336,0.0,0.0,0.0,0.0,0.0,0.0,0.0,0.0,0.0,0.0,0.0,0.0,0.012562699214156,0.0,0.0,0.0137349447888618,0.0,0.0,0.0,0.0,0.0,0.0,0.0,0.0,0.0,0.0,0.0,0.0,0.0,0.0,0.0,0.0,0.0
2092,0.0,0.0,0.0,0.0,0.0,0.0,0.0,0.0,0.0,0.0,0.0,0.0,0.0,0.0,0.0,0.0,0.000961230374879846,0.0,0.0,0.0,0.0,0.0,0.0,0.0,0.0,0.0,0.000244708185488805,0.00198574518634091,0.00026281208935611,0.0,0.0,0.0,0.000436836213722118,0.00312579200811016,0.000334767460602829,0.0,0.0,0.0,0.000776005897644822,0.0,0.00153574621220804,0.000406110399550155,0.0,0.0,0.000716606153258169,0.0,0.0,0.0,0.0,0.0,0.000797481636935992,0.000255020720433535,0.0309566979522184,0.00803014758109068,0.0468856655290102,0.0401514503294259,0.955463464562998,0.767343229324447,0.936596681139594,0.0174209430032191,0.00222536162126346,0.00265701285329968,0.000625066339587928,0.00111119930153187,0.00104166666666667,0.00325499508679987,0.00884503297714607,0.0,0.000528890651857728,0.0,0.000415663757020367,0.0,0.0,0.0,0.0,0.000148723456994134,0.0,0.000304682977362055,0.0,0.000274351843769095,0.0,0.0,0.000818443576697038,0.0,0.0,0.00197361587202659,0.0,0.0,0.0,0.0,0.0,0.0,0.000637935864983039,0.0,0.0,0.0,0.0,0.0,0.0,0.0,0.0,0.0,0.0,0.0,0.0,0.00601330657058674,0.0,0.0,0.0212495042478135,0.0,0.0,0.0,0.0,0.0,0.0,0.0,0.0,0.0,0.0,0.0,0.0,0.0,0.0,0.0,0.0,0.0
2093,0.0,0.0,0.0,0.0,0.0,0.0,0.0,0.0,0.0,0.0,0.0,0.0,0.0,0.0,0.0,0.0,0.0,0.0,0.0,0.0,0.000391576129519145,0.0,0.0,0.0,0.0,0.0,0.0,0.0,0.000450535010324761,0.0,0.0,0.00101234091785577,0.00035492942364922,0.00125185281897287,0.0,0.0,0.0,0.0,0.00232801769293447,0.0,0.000962706580787127,0.0,0.0,0.00438136554953816,0.00950697496655838,0.0,0.0,0.0,0.0,0.0,0.000359766152001199,0.0021421740516417,0.010132252559727,0.0,0.0132465870307167,0.00333704115684093,0.0295578800209701,0.0123868188091151,0.00642360078510676,0.926991941761872,0.00528835935839574,0.0,0.00109681452040901,0.0,0.0,0.000204716672125778,0.0,0.0,9.91669972233241e-05,0.0,0.00250364914112268,0.0,0.0,0.0,0.0,0.0,0.0,0.0,0.0,0.000573644764244472,0.0,0.0,0.0,0.0,0.0,0.0142048405526124,0.0,0.0,0.0,0.0,0.0,0.0,0.000232793497465001,0.0,0.0,0.0,0.0,0.0,0.0,0.0,0.0,0.0,0.0,0.0,0.0,0.000157916827700274,0.0,0.0,0.00939319932368965,0.0,0.0,0.0,0.0,0.0,0.0,0.0,0.0,0.0,0.0,0.0,0.0,0.0,0.0,0.0,0.0,0.0
2100,0.0,0.0,0.0,0.0,0.0,0.0,0.0,0.0,0.0,0.0,0.0,0.0,0.0,0.0,0.0,0.0,0.0,0.0,0.0,0.0,0.0,0.0,0.0,0.0,0.0,0.0,0.0,0.0,0.0,0.0,0.0,0.0,0.00289403991590903,0.00536837497215971,0.000520749383159957,0.0,0.0,0.0,0.0,0.0,0.0,0.0,0.0,0.0,0.0,0.0,0.0,0.0,0.0,0.0,0.0,0.0,0.00109321672354949,0.0,0.00669795221843003,0.000470608368272439,0.00853783358713833,0.0105355279544919,0.0,0.0133181846872436,0.873029367272182,0.00033212660666246,0.0,0.0,0.0,0.0,0.0,0.0,0.0,0.0,0.0,0.0,0.0,0.0,0.0,0.0,0.0,0.0,0.0,0.000112234845178266,0.0,0.0,0.0,0.0,0.0,0.0470811259997923,0.0,0.0,0.0,0.0,0.0,0.0,0.000326727715740353,0.0,0.0,0.0,0.0,0.0,0.0,0.0,0.0,0.0,0.0,0.0,0.0,0.00183682204851371,0.0,0.0,0.0256121234892604,0.0,0.0,0.0,0.0,0.0,0.0,0.0,0.0,0.0,0.0,0.0,0.0,0.0,0.0,0.0,0.0,0.0
2200,0.0,0.0,0.0,0.0,0.0,0.0,0.0,0.0,0.0,0.0,0.0,0.0,0.0,0.0,0.0,0.0,0.0,0.0,0.0,0.0,0.0,0.0,0.0,0.0,0.0,0.0,0.0,0.0,0.0,0.0,0.0,0.0,0.0,6.14406291520425e-05,0.0,0.0,0.0,0.00829660357791029,0.0409343111007644,0.000181944991964096,0.00440094436931258,0.000999656368123458,0.0,0.00695272434746384,0.00429963691954902,0.0,0.0,0.0,0.0,0.0,0.0,0.0,0.00135985494880546,0.000118380554020993,0.000767918088737201,0.0159151193633952,0.0,0.00504897505806321,0.000654255635520133,0.000441835510951209,0.000237538600022504,0.975156929821648,0.940583316625585,0.0,0.00193452380952381,0.00216999672453325,0.0,0.00326923531404353,0.00252875842919476,0.00286820593718629,0.00453363493122215,0.0,0.0,0.0036337997613624,0.00174407930971177,0.00427993059572007,0.0165168697943626,0.00225465403247921,0.000360994539957583,0.0102383119879285,0.0,0.00339998847461534,0.0111032224983237,0.00369993295423506,0.00800818728412434,0.0220733354108237,0.000248854702788304,0.0,0.0,0.0,0.0,0.0,0.000508061597976249,0.0,0.0,0.0,0.0,0.0,0.0,0.0,0.0,0.0,0.0,0.0,0.0,0.00970772919757473,0.0,0.0,0.0104786356899827,0.0,0.0,0.0,0.0,0.0,0.0,0.0,0.0,0.0,0.0,0.0,0.0,0.0,0.0,0.0,0.0,0.0
2300,0.0,0.0,0.0,0.0,0.0,0.0,0.0,0.0,0.0,0.0,0.0,0.0,0.0,0.0,0.0,0.0,0.0436291786820464,0.0,7.60018674744579e-05,0.000568569479190357,0.0,0.0,0.0,0.0,0.0,0.0,0.0,0.0,0.0,0.0,0.0,0.0,0.0,0.0,0.0,0.0,0.0,0.000829660357791029,0.00306522329569705,0.0,0.0,0.0,0.0,0.000876273109907632,0.0,0.0,0.0,0.0,0.0,0.0,8.99415380002998e-05,0.0,0.0058660409556314,0.0005524425854313,0.00162116040955631,0.000748695131342517,0.0,0.0134302736544481,0.0212335692618807,0.000315596793536578,0.00301298961081176,0.0,0.00357349246971966,0.899912691483451,0.959176587301587,0.966078447428758,0.0,0.000133920482743952,0.000231389660187756,0.0,0.000840994113041209,0.0,0.0,0.0,0.0033045713236644,0.0013385111129472,0.00211754740953367,0.00115779531397581,0.0,0.00204516828991508,0.0,0.00368812309110817,0.000926912002524356,0.0,0.000204682103108609,0.00275267476887919,0.0,0.0,0.0,0.0,0.0,0.0,0.000382271427416213,0.0,0.0,0.0,0.0,0.0,0.0,0.0,0.0,0.0,0.0,0.0,0.0,0.00584292262491013,0.0,0.0,0.0122529066733463,0.0,0.0,0.0,0.0,0.0,0.0,0.0,0.0,0.0,0.0,0.0,0.0,0.0,0.0,0.0,0.0,0.0
2491,0.0,0.0,0.0,0.0,0.0,0.0,0.0,0.0,0.0,0.0,0.0,0.0,0.0,0.0,0.0,0.0,0.0,0.0,0.00375666373516606,0.0,0.0,0.0,0.0,0.0,0.0,0.0,0.0,0.0,0.0,0.0,0.0,0.0,0.0,0.0,0.0,0.0,0.0,0.0,0.0,0.0,0.0,0.000624785230077161,0.0,0.0,0.0,0.0,0.0,0.0,0.0,0.0,0.000401738869734672,0.0,0.0048528156996587,0.0,0.00098122866894198,0.00716608197142124,0.0,0.00925645427311589,0.0,0.0,0.0,0.000298913945996214,0.00173367456451746,0.0346852924835304,0.0,0.0,0.969834858632854,0.956853971530081,0.00852836176120587,0.0,0.0366750766077971,0.0,0.0,0.0,0.0,0.000148723456994134,0.0,0.00188903445964474,0.00550516673435314,0.00269363628427839,0.0,0.0,0.00130162110992782,0.0,0.0,0.00015581177937052,0.000124427351394152,0.0,0.0,0.0,0.0,0.0,5.71773502545617e-05,0.0,0.0,0.0,0.0,0.0,0.0,0.0,0.0,0.0,0.0,0.0,0.0,0.010530558984013,0.0,0.0,0.0061786377773603,0.0,0.0,0.0,0.0,0.0,0.0,0.0,0.0,0.0,0.0,0.0,0.0,0.0,0.0,0.0,0.0,0.0
2492,0.0,0.0,0.0,0.0,0.0,0.0,0.0,0.0,0.0,0.0,0.0,0.0,0.0,0.0,0.0,0.0,0.0,0.0,0.0,0.00329770297930407,0.0,0.0,0.0,0.0,0.0,0.0,0.0,0.0,0.0,0.0,0.0,0.0,0.0,0.0,0.0,0.0,0.0,0.0,0.0,0.0,0.0,0.0,0.0,0.000100555930645138,0.0,0.0,0.0,0.0,0.0,0.0,0.0,0.0,0.0773784129692833,0.0,0.0,0.0,0.0,0.0018849506883436,0.0,0.0,0.0,0.0,0.000389192249177389,0.0,0.0,0.000204716672125778,0.00506160846669053,0.00247359009303535,0.947077879148486,0.97691094220565,0.0057999594002842,0.0,0.0,0.0,0.0,0.0043956043956044,0.0,0.00240699552116023,0.00934073372140246,0.00346680966217312,0.0,0.000384179488657101,0.00443734469293575,0.00153956941719848,0.0,0.00389529448426301,0.0,0.0,0.0,0.0,0.0,0.0,0.000293238124876967,0.0,0.0,0.0,0.0,0.0,0.0,0.0,0.0,0.0,0.0,0.0,0.0,0.0123923152684794,0.0,0.0,0.00212912518003632,0.0,0.0,0.0,0.0,0.0,0.0,0.0,0.0,0.0,0.0,0.0,0.0,0.0,0.0,0.0,0.0,0.0
2500,0.0,0.0,0.0,0.0,0.0,0.0,0.0,0.0,0.0,0.0,0.0,0.0,0.0,0.0,0.0,0.0,0.000373811812453274,0.0,0.0,0.0,0.0,0.0,0.0,0.0,0.0,0.0,0.0,0.0,0.0,0.0,0.0,0.0,0.0,0.0,0.0,0.0,0.0,0.0,0.00116400884646723,0.0,0.000137529511541018,0.00149948455218519,0.0,0.0,0.0,0.0,0.0,0.0,0.0,0.0,0.0,0.0,0.00250639931740614,0.000236761108041986,0.000127986348122867,0.00372208436724566,0.0,0.00131273351509644,0.0,0.000610153800837383,0.0,0.000265701285329968,0.00751258977957566,0.0,0.00476190476190476,0.000716508352440223,0.0,0.026224781591448,0.0100819780510379,0.00932166929585544,0.873183887712786,0.0,0.0,0.000596593990671439,0.00514044428125574,0.0105924151036933,0.0195755493859113,0.00795222570914963,0.00329407517711295,0.0141540610308147,0.0,0.005167214122438,0.00468386384254329,0.00978371532864841,0.00616604835614686,0.00412901215331879,0.00404954470900967,0.0,0.0,0.0,0.0,0.0,0.000519497068027161,0.0,0.0,0.0,0.0,0.0,0.0,0.0,0.0,0.0,0.0,0.0,0.0,0.00439673693965499,0.0,0.0,0.00404951259732398,0.0,0.0,0.0,0.0,0.0,0.0,0.0,0.0,0.0,0.0,0.0,0.0,0.0,0.0,0.0,0.0,0.0
2600,0.0,0.0,0.0,0.0,0.0,0.0,0.0,0.0,0.0,0.0,0.0,0.0,0.0,0.0,0.0,0.0,0.0,0.0,0.0,0.0,0.0,0.0,0.0,0.0,0.0,0.0,0.0,0.0,0.0,0.0,0.0,0.0,0.0,0.0,0.0,0.0,0.0,0.0,0.00252201916734567,0.0,0.0005042748756504,0.0,0.0,0.00047404938732708,0.000668832409707625,0.0,0.0,0.0,0.0,0.0,0.0,0.0,0.0,0.0,0.0,0.0,0.0,0.00104345484533306,0.0,0.0,0.0,0.000531402570659936,0.0012265452701348,0.0,0.0,0.0,0.0,0.000133920482743952,0.000297500991669972,0.0,0.00118899167705826,0.98095715359559,0.938036300367749,0.984958599992769,0.839820084450156,0.0245393704040321,0.0394804950355277,0.000853112336613753,0.0,0.0339697464739553,0.0,0.00117174744040416,0.000838165108665641,0.000819448238186288,0.0,0.0101277656590838,0.00107459985294949,0.0,0.0,0.0,0.0,0.0,0.000342247282238019,0.0,0.0,0.0,0.0,0.0,0.0,0.0,0.0,0.0,0.0,0.0,0.0,0.000340767891353223,0.0,0.0,0.0203728056442691,0.0,0.0,0.0,0.0,0.0,0.0,0.0,0.0,0.0,0.0,0.0,0.0,0.0,0.0,0.0224960688039537,0.0,0.0
2700,0.0,0.0,0.0,0.0,0.0,0.0,0.0,0.0,0.0,0.0,0.0,0.0,0.0,0.0,0.0,0.0,0.0,0.0,0.0,0.0,0.0,0.0,0.0,0.0,0.0,0.0,0.0,0.0,0.0,0.0,0.0,0.0,0.0,0.0,0.0,0.0,0.0,0.0,0.0013192100259962,0.0,0.0,0.0,0.0,0.0,0.00109879610166253,0.0,0.0,0.0,0.0,0.0,0.0,0.0,0.000346629692832765,0.0,0.0,0.000213912894669291,0.0,0.00134639334881686,0.0,0.0,0.0,0.0,0.00220542274533854,0.0,0.0,0.000716508352440223,0.0,0.00282808548853404,0.0108422583630834,0.000860461781155887,0.00555829442527236,0.0129040340766725,0.00632686148127644,0.00667100553205337,0.0301083165044979,0.879401801206313,0.864100512917039,0.00094451722982237,0.0,0.0195662746760778,0.0,0.00149830000576269,0.0029483690293062,0.00347644707109334,0.00340283996418063,0.0,0.00830269781120977,0.0,0.0,0.0,0.0,0.0,0.000441082416249476,0.0,0.0,0.0,0.0,0.0,0.0,0.0,0.0,0.0,0.0,0.0,0.0,0.00509073984033778,0.0,0.0,0.0149873713653537,0.0,0.0,0.0,0.0,0.0,0.0,0.0,0.0,0.0,0.0,0.0,0.0,0.0,0.0,0.0,0.0,0.0
2800,0.0,0.0,0.0,0.0,0.0,0.0,0.0,0.0,0.0,0.0,0.0,0.0,0.0,0.0,0.0,0.0,0.0,0.000859191233432399,0.0,0.0,0.0,0.0,0.0,0.0,0.0,0.0,0.0,0.0,0.0,0.0,0.0,0.0,0.0,0.0,0.0,0.0,0.0,0.0,0.00554844216816048,0.0,0.000137529511541018,0.000780981537596451,0.0,0.000402223722580552,0.0012898910758647,0.0,0.0,0.0,0.0,0.0,0.0,0.0,0.0,0.0,0.00049061433447099,0.0,0.000449359662480965,0.000639536840688007,0.00350918931778981,0.000525994655894296,0.0,0.00697465873991165,0.00369142951492493,0.0,0.0,0.00155584670815591,0.0,0.00405700285959619,0.0040989025518974,0.00760074573354367,0.0196811955649644,0.00338261087446755,0.00759223377753173,0.0,0.0311180466311731,0.0208378088077336,0.0188697002494,0.959964656774626,0.960786968097108,0.82628540074075,0.0,0.00353445129564533,0.0059263203565653,0.00268183059770058,0.00378661890750927,0.00202555313181677,0.0122956846332221,0.0,0.0,0.0,0.0,0.0,0.000743305553309302,0.0,0.0,0.0,0.0,0.0,0.0,0.0,0.0,0.0,0.0,0.0,0.0,0.000473750483100822,0.0,0.0,0.016657273467343,0.0,0.0,0.0,0.0,0.0,0.0,0.0,0.0,0.0,0.0,0.0,0.0,0.0,0.0,0.0,0.0,0.0
2991,0.0,0.0,0.0,0.0,0.0,0.0,0.0,0.0,0.0,0.0,0.0,0.0,0.0,0.0,0.0,0.0,0.0,0.0,0.0,0.0,0.0,0.0,0.0,0.0,0.0,0.0,0.0,0.0,0.0,0.0,0.0,0.0,0.0,0.0,0.0,0.0,0.0,0.0,0.0,0.0,0.0,0.0,0.0,0.0,0.0,0.0,0.0,0.0,0.0,0.0,0.0,0.0,0.0,0.0,0.0,0.0,0.0,0.0,0.0,0.0,0.0,0.0,0.0,0.0,0.0,0.000798395021290534,0.0,0.0,0.0,0.0,0.000821660915040261,0.0,0.0,0.0,0.0,0.0165083037263488,0.0,0.00094451722982237,0.0042868101619963,0.00466398134407462,0.99992393644129,0.96064081138708,0.00900287934366742,0.0126145365151101,0.0,0.0,0.0,0.0,0.0,0.0,0.0,0.0,0.00160259944570643,0.0,0.0,0.0,0.0,0.0,0.0,0.0,0.0,0.0,0.0,0.0,0.0,0.000606733074848421,0.0,0.0,0.0270106664996765,0.0,0.0,0.0,0.0,0.0,0.0,0.0,0.0,0.0,0.0,0.0,0.0,0.0,0.0,0.0,0.0,0.0
2992,0.0,0.0,0.0,0.0,0.0,0.0,0.0,0.0,0.0,0.0,0.0,0.0,0.0,0.0,0.0,0.0,0.0,0.0,0.0,0.0,0.0,0.0,0.0,0.0,0.0,0.0,0.0,0.0,0.0,0.0,0.0,0.0,0.0,0.0,0.0,0.0,0.0,0.0,0.00174601326970085,0.0,0.000229215852568364,0.0,0.0,0.0,0.0,0.0,0.0,0.0,0.0,0.0,0.0,0.0,0.0,0.0,0.0,0.000363651920937794,0.0,0.0,0.0,0.0,0.0,0.00401873194061576,0.00281869538040594,0.0,0.0,0.00315263675073698,0.0,0.00157553509110532,0.00130569879677377,0.00157751326545246,0.0154182254057555,0.00175394637935355,0.0,0.00224174711646238,0.0356159353772719,0.0284722796000992,0.00682320831960849,0.0123396605831632,0.0085284960064979,0.0310266994226141,7.60635587096578e-05,0.0171728231429724,0.927286711631759,0.0147997318169402,0.00248177050019189,0.0,6.78694643968101e-05,0.0,0.0,0.0,0.0,0.0,0.000460686079193897,0.0,0.0,0.0,0.0,0.0,0.0,0.0,0.0,0.0,0.0,0.0,0.0,0.0038315609247277,0.0,0.0,0.0191621266203269,0.0,0.0,0.0,0.0,0.0,0.0,0.0,0.0,0.0,0.0,0.0,0.0,0.0,0.0,0.0,0.0,0.0
3000,0.0,0.0,0.0,0.0,0.0,0.0,0.0,0.0,0.0,0.0,0.0,0.0,0.0,0.0,0.0,0.0,0.0,0.0,0.0,0.0,0.0,0.0,0.0,0.0,0.0,0.0,0.0,0.0,0.0,0.0,0.0,0.0,0.0,0.0,0.0,0.0,0.0,0.0,0.0,0.0,0.0,0.0,0.0,0.0,0.0,0.0,0.0,0.0,0.0,0.0,0.0,0.0,0.0,0.0,0.0,0.0,0.0,0.0,0.0,0.0,0.0,0.0,0.000495335589862132,0.0,0.0,0.0,0.0,0.00157553509110532,0.0,0.0,0.0037796402091852,0.0,0.0,0.0,0.0,0.000859291084854995,0.00145875488212319,0.0,0.00360994539957583,0.00244422551721558,0.0,0.0,0.00505857294994675,0.942191651560676,0.000997825252654471,0.000181780409265607,0.00385724789321871,0.0,0.0,0.0,0.0,0.0,8.33155675137899e-05,0.0,0.0,0.0,0.0,0.0,0.0,0.0,0.0,0.0,0.0,0.0,0.0,0.000157916827700274,0.0,0.0,0.0383660007932035,0.0,0.0,0.0,0.0,0.0,0.0,0.0,0.0,0.0,0.0,0.0,0.0,0.0,0.0,0.0,0.0,0.0
3180,0.0,0.0,0.0,0.0,0.0,0.0,0.0,0.0,0.0,0.0,0.0,0.0,0.0,0.0,0.0,0.0,0.0,0.0,0.0,0.0,6.40760939213146e-05,0.0,0.0,0.0,0.0,0.0,0.0,0.0,0.0,0.0,0.0,0.0,0.0,0.0,0.0,0.0,0.00094153898827356,0.00134819808141042,0.0162185232607768,0.00128877702641235,0.000664725972448254,0.00537315297866358,0.0,0.0,0.00219759220332505,0.0,0.0,0.0,0.0,0.0,0.000131914255733773,0.0,0.0,0.0,0.0,0.00305895439377086,0.0,0.00373624154296678,0.0,0.00311388836289423,0.00197532098966082,0.000564615231326182,0.00753617718861672,0.0,0.0033234126984127,0.00538404847690796,0.0,0.0,0.000115694830093878,0.000860461781155887,0.00941526742646135,0.0,0.0,0.0,0.0205617771250229,0.000545319342311823,0.00338807585525387,0.00127966850492063,0.0,0.00665926748057714,0.0,0.0,0.0,0.00330262471753868,0.945580145835998,0.858055468993456,0.000158362083592557,0.0,0.0,0.0,0.0,0.0,0.000263015811170984,0.0,0.0,0.0,0.0,0.0,0.0,0.0,0.0,0.0,0.0,0.0,0.0,0.00136307156541289,0.0,0.0,0.00379902728202559,0.0,0.0,0.0,0.0,0.0,0.0,0.0,0.0,0.0,0.0,0.0,0.0,0.0,0.0,0.0,0.0,0.0
3300,0.0,0.0,0.0,0.0,0.0,0.0,0.0,0.0,0.0,0.0,0.0,0.0,0.0,0.0,0.0,0.0,0.0,0.0,0.0,0.0,0.0,0.0,0.0,0.0,0.0,0.0,0.0,0.0,0.0,0.0,0.0,0.0,0.0,0.0,0.0,0.0,0.0,0.0,0.0,0.0,0.0,0.0,0.0,0.0,0.0,0.0,0.0,0.0,0.0,0.0,0.0,0.0,0.0,0.0,0.0,0.0,0.0,0.0,0.0,0.0,0.0,0.0,0.0,0.0,0.0,0.00343924009171307,0.0,0.000330862369132116,0.0,0.0,0.00289031310114163,0.0,0.000237257305547867,0.0,0.00936295208371581,0.00499049822358093,0.000470566091007482,0.00326010785777399,0.00112810793736745,0.00924066891967726,0.0,0.00019208974432855,0.0,0.00509051178267239,0.0005372905206601,0.00251895709982341,0.875233301283864,0.0,0.0,0.0,0.0,0.0,0.000284253112694107,0.0,0.0,0.0,0.0,0.0,0.0,0.0,0.0,0.0,0.0,0.0,0.0,0.000195318181629286,0.0,0.0,0.00131504790531655,0.0,0.0,0.0,0.0,0.0,0.0,0.0,0.0,0.0,0.0,0.0,0.0,0.0,0.0,0.0,0.0,0.0
3500,0.0,0.0,0.0,0.0,0.0,0.0,0.0,0.0,0.0,0.0,0.0,0.0,0.0,0.0,0.0,0.0,0.0,0.0,0.0,0.0,0.0,0.0,0.0,0.0,0.0,0.0,0.0,0.0,0.0,0.0,0.0,0.0,0.0,0.0,0.0,0.0,0.0,0.0,0.0,0.0,0.0,0.0,0.0,0.0,0.0,0.0,0.0,0.0,0.0,0.0,0.0,0.0,0.0,0.0,0.0,0.0,0.0,0.0,0.0,0.0,0.0,0.0,0.0,0.0,0.0,0.0,0.0,0.0,0.0,0.0,0.0,0.0,0.0,0.0,0.0,0.0,0.0,0.0,0.0,0.000124705383531407,0.0,0.0,0.0,0.0,0.0,0.0,0.0,0.99841778609347,0.0,0.0,0.0,0.0,0.0,0.0,0.0,0.0,0.0,0.0,0.0,0.0,0.0,0.0,0.0,0.0,0.0,0.0199099874082108,0.0,0.0,0.00628300665873463,0.0,0.0,0.0,0.0,0.0,0.0,0.0,0.0,0.0,0.0,0.0,0.0,0.0,0.0,0.0,0.0,0.0
3680,0.0,0.0,0.0,0.0,0.0,0.0,0.0,0.0,0.0,0.0,0.0,0.0,0.0,0.0,0.0,0.0,0.0,0.0,0.0,0.0,0.0,0.0,0.0,0.0,0.0,0.0,0.0,0.0,0.0,0.0,0.0,0.0,0.0,0.0,0.0,0.0,0.0,0.0,0.0,0.0,0.0,0.0,0.0,0.0,0.0,0.0,0.0,0.0,0.0,0.0,0.0,0.0,0.0,0.0,0.0,0.0,0.0,0.0,0.0,0.0,0.0,0.0,0.0,0.0,0.0,0.0,0.0,0.0,0.0,0.0,0.0,0.0,0.0,0.0,0.0,0.0,0.0,0.0,0.0,0.0,0.0,0.0,0.0,0.0,0.0,0.0,0.0,0.0,0.927537057503219,0.0,0.0,0.0,0.0,0.000776937630437751,0.0,0.0,0.0,0.0,0.0,0.0,0.0,0.0,0.0,0.0,0.0,0.00224408123574073,0.0,0.0,0.000667960840795708,0.0,0.0,0.0,0.0,0.0,0.0,0.0,0.0,0.0,0.0,0.0,0.0,0.0,0.0,0.0,0.0,0.0
4180,0.0,0.0,0.0,0.0,0.0,0.0,0.0,0.0,0.0,0.0,0.0,0.0,0.0,0.0,0.0,0.0,0.0,0.0,0.0,0.0,0.0,0.0,0.0,0.0,0.0,0.0,0.0,0.0,0.0,0.0,0.0,0.0,0.0,0.0,0.0,0.0,0.0,0.0,0.0,0.0,0.0,0.0,0.0,0.0,0.0,0.0,0.0,0.0,0.0,0.0,0.0,0.0,0.0,0.0,0.0,0.0,0.0,0.0,0.0,0.0,0.0,0.0,0.0,0.0,0.0,0.0,0.0,0.0,0.0,0.0,0.0,0.0,0.0,0.0,0.0,0.0,0.0,0.0,0.00257208609719778,0.0,0.0,0.0,0.0,0.0,0.0,0.0,0.0,0.0,0.0,0.995186559632315,0.901367206822184,0.962863995960276,0.0,0.0,0.0,0.0,0.0,0.0,0.0,0.0,0.0,0.0,0.0,0.0,0.0,0.00801220115279284,0.0,0.0,0.000542718183146513,0.0,0.0,0.0244951460287552,0.0,0.0,0.0,0.0,0.0,0.0,0.0,0.0,0.0,0.0,0.0,0.0,0.0,0.0
4580,0.0,0.0,0.0,0.0,0.0,0.0,0.0,0.0,0.00685038753620919,0.000385802469135802,0.0,0.0,0.0,0.0,0.0,0.0,0.00683541599914557,0.000901446539994648,0.0,0.0,0.00833701177576215,0.0,0.0523403120416056,0.0,0.158825372666637,0.0,0.0,0.00624091344278572,0.0729866716726112,0.017009027868638,0.0522104536034999,0.0379145777092171,0.00718049526305731,0.208329813297288,0.0177178778222757,0.0,0.0,0.0,0.00201761533387654,0.00835430754768475,0.0,0.00199931273624692,0.0,0.0031603292488472,0.0173896426523982,0.0,0.0,0.0,0.0,0.0,0.0162374456603208,0.00860694931463181,0.0,0.00864178044353247,0.0,0.0,0.0,0.0,0.00124903348599298,0.0013465463190894,0.104141923062498,0.00219203560397223,0.0066516493495772,0.0,0.0243055555555556,0.0,0.0,0.0,0.0,0.0,0.0050266314802463,0.0,0.0440903159476452,0.00189825360668185,0.0232237929135304,0.0022143270263571,0.0271987200602325,0.00405228359891533,0.0,0.00577385925750415,0.0,0.0,0.0234883445746066,0.0,0.0273506460278879,0.00732315363041446,0.0653356710593292,0.0,0.0,0.0,0.0,0.0,0.980455148044412,0.00501596135466715,0.0,0.0,0.0173935815234378,0.0,0.0,0.0107701693942004,0.0,0.0,0.0,0.0042761512256712,0.0,0.0109793752311611,0.0,0.00542180999795403,0.0149873713653537,0.0,0.00175894650000778,0.0636341293573096,0.0,0.00160805237271828,0.0,0.0,0.0,0.0,0.0,0.0,0.0,0.000278537425301327,0.0,0.191328904720644,0.00824756558200783,0.0
4900,0.0,0.0,0.0,0.0,0.0,0.0,0.0,0.0,0.0,0.0,0.0,0.0,0.0,0.0112306419198487,0.0,0.0,0.0,0.0,0.0,0.0,0.0,0.0,0.0,0.0,0.0,0.0,0.0,0.0,0.0,0.0,0.0,0.0,0.00128320637780872,0.0,0.0,0.0,0.0,0.0,0.0,0.0,0.0,0.0,0.0,0.0,0.0,0.0,0.0,0.0,0.0,0.0,0.0,0.00294548932100733,0.0,0.0,0.0,0.0,0.0,0.0,0.0,0.0,0.0,0.0,0.000636860044108455,0.0,0.0,0.0,0.0,0.000480538202787122,0.0,0.0,0.0,0.0,0.0,0.0,0.0,0.0,0.0,0.0,0.0,0.0,0.0,0.0,0.0,0.0,0.0,0.0,0.0,0.0,0.0,0.0,0.0,0.0,0.000193586171576159,0.912472612135831,0.975218163639717,0.0,0.0155013220473572,0.0,0.0,0.0,0.0,0.0,0.0,0.0,0.0,0.00788752997302947,0.0,0.0,0.0,0.0,0.101225036190713,0.0,0.0,0.0,0.0,0.0,0.0,0.0,0.0,0.0,0.0,0.0,0.0,0.0,0.0,0.0
5000,0.0,0.0,0.0,0.0,0.0,0.0,0.0,0.0,0.0,0.0,0.0,0.0,0.0,0.0,0.0,0.0,0.0,0.0,0.0,0.0,0.0,0.0,0.0,0.0,0.0,0.0,0.0,0.0,0.0,0.0,0.0,0.0,0.0,0.0,0.0,0.0,0.0,0.0,0.0,0.0,0.0,0.0,0.0,0.0,0.0,0.0,0.0,0.0,0.0,0.0,0.0,0.0,0.0,0.0,0.0,0.0,0.0,0.0,0.0,0.0,0.0,0.0,0.0,0.0,0.0,0.0,0.0,0.0,0.0,0.0,0.0,0.0,0.0,0.0,0.0,0.0,0.0,0.0,0.0,0.0,0.0,0.0,0.0,0.0,0.0,0.0,0.0,0.0,0.0,0.0,0.0,0.0,9.80183147221058e-06,0.0732499398604763,0.0,0.0,0.0,0.0,0.0,0.0,0.0,0.0,0.0,0.0,0.0,0.0020653858780799,0.0,0.0,0.0,0.0,0.0,0.0,0.0,0.0,0.0,0.0,0.0,0.0,0.0,0.0,0.0,0.0,0.0,0.0,0.0,0.0
5100,0.0,0.0,0.0,0.0,0.0,0.0,0.0,0.0,0.0,0.0,0.0,0.0,0.0,0.0,0.0,0.0,0.0,0.0,0.0,0.0,0.0,0.0,0.0,0.0,0.0,0.0,0.0,0.0,0.0,0.0,0.0,0.0,0.0,0.0,0.0,0.0,0.0,0.0,0.0,0.0,0.0,0.0,0.0,0.0,0.0,0.0,0.0,0.0,0.0,0.0,0.0,0.0,0.0,0.0,0.0,0.0,0.0,0.0,0.0,0.0,0.0,0.0,0.0,0.0,0.0,0.0,0.0,0.0,0.0,0.0,0.0,0.0,0.0,0.0,0.0,0.0,0.0,0.0,0.0,0.0,0.0,0.0,0.0,0.0,0.0,0.0,0.0,0.0,0.0,0.0,0.0,0.0,0.0,0.0,0.0,0.999954851234819,0.0,0.0,0.0,0.0,0.0,0.0,0.0,0.0,0.0,0.00212356576196947,0.0,0.0,0.0,0.0,0.0,0.0,0.0,0.0,0.0,0.0,0.0,0.0,0.0,0.0,0.0,0.0,0.0,0.0,0.0,0.0
5280,0.0,0.0,0.0,0.0,0.0,0.0,0.0,0.0,0.0,0.0,0.0,0.0,0.0,0.0,0.0,0.0,0.0,0.0,0.0,0.0,0.0,0.0,0.0,0.0,0.0,0.0,0.0,0.0,0.0,0.0,0.0,0.0,0.0,0.0,0.0,0.0,0.0,0.0,0.0,0.0,0.0,0.0,0.0,0.0,0.0,0.0,0.0,0.0,0.0,0.0,0.0,0.0,0.0,0.0,0.0,0.0,0.0,0.0,0.0,0.0,0.0,0.0,0.0,0.0,0.0,0.0,0.0,0.0,0.0,0.0,0.0,0.0,0.0,0.0,0.0,0.0,0.0,0.0,0.0,4.98821534125628e-05,0.0,0.0,0.0,0.0,0.0,0.0,0.0,0.0,0.0,0.0,0.0,0.0,0.000131507905585492,0.00834476526081048,0.0,0.0,0.933230272772583,1.0,0.0,0.000294286534596612,0.0,0.0,0.000325634686124344,0.0,0.0,0.00408921469623867,0.0,0.0,0.0,0.0,0.000420279252214249,0.0,0.0,0.0,0.0,0.0,0.0,0.0,0.0,0.0,0.0,0.0,0.0,0.0,0.0,0.0
5500,0.0,0.0,0.0,0.0,0.0,0.0,0.0,0.0,0.0,0.0,0.0,0.0,0.0,0.0,0.0,0.0,0.0,0.0,0.0,0.0,0.0,0.0,0.0,0.0,0.0,0.0,0.0,0.0,0.0,0.0,0.0,0.0,0.0,0.0,0.0,0.0,0.0,0.0,0.0,0.0,0.0,0.0,0.0,0.0,0.0,0.0,0.0,0.0,0.0,0.0,0.0,0.0,0.0,0.0,0.0,0.0,0.0,0.0,0.0,0.0,0.0,0.0,0.0,0.0,0.0,0.0,0.0,0.0,0.0,0.0,0.0,0.0,0.0,0.0,0.0,0.0,0.0,0.0,0.0,0.0,0.0,0.0,0.0,0.0,0.0,0.0,0.0,0.0,0.0,0.0,0.0,0.0,0.000101285591879509,0.0,0.0,0.0,0.0,0.0,0.968274693863147,0.0,0.0,0.0,0.0,0.0,0.0,0.000935033848225306,0.0,0.0,0.0,0.0,0.0,0.0,0.0,0.0,0.0,0.0,0.0,0.0,0.0,0.0,0.0,0.0,0.0,0.0,0.0,0.0
5600,0.0,0.0,0.0,0.0,0.0,0.0,0.0,0.0,0.0,0.0,0.0,0.0,0.0,0.0,0.0,0.0,0.0,0.0,0.0,0.0,0.0,0.0,0.0,0.0,0.0,0.0,0.0,0.0,0.0,0.0,0.0,0.0,0.0,0.0,0.0,0.0,0.0,0.0,0.0,0.0,0.0,0.0,0.0,0.0,0.0,0.0,0.0,0.0,0.0,0.0,0.0,0.0,0.0,0.0,0.0,0.0,0.0,0.0,0.0,0.0,0.0,0.0,0.0,0.0,0.0,0.0,0.0,0.0,0.0,0.0,0.0,0.0,0.0,0.0,0.0,0.0,0.0,0.0,0.0,0.0,0.0,0.0,0.0,0.0,0.0,0.0,0.0,0.0,0.0,0.0,0.0,0.0,8.57660253818426e-05,0.0,0.0,0.0,0.0,0.0,0.0,0.987026270456503,0.0,0.0,0.0,0.0,0.0,0.00498684719053496,0.0,0.0,0.0,0.0,0.0,0.0124523819276615,0.0,0.0,0.0,0.0,0.0,0.0,0.0,0.0,0.0,0.0,0.0,0.0,0.0,0.0
5800,0.0,0.0,0.0,0.0,0.0,0.0,0.0,0.0,0.0,0.0,0.0,0.0,0.0,0.0,0.0,0.0,0.0,0.0,0.0,0.0,0.0,0.0,0.0,0.0,0.0,0.0,0.0,0.0,0.0,0.0,0.0,0.0,0.0,0.0,0.0,0.0,0.0,0.0,0.0,0.0,0.0,0.0,0.0,0.0,0.0418497993502771,0.0,0.0,0.0,0.0,0.0,0.0,0.0,0.0,0.0,0.0,0.0,0.0,0.0,0.0,0.0,0.0,0.0,0.0,0.0,0.0,0.0,0.0,0.0,0.0,0.0,0.0,0.0,0.0,0.0,0.0,0.0,0.0,0.0,0.0,0.0,0.0,0.0,0.0,0.0,0.0,0.0,0.0,0.0,0.0,0.0,0.0,0.0,7.5964193909632e-05,0.0,0.0,0.0,0.0,0.0,0.0,0.0,0.971336835960304,0.0,0.0,0.0,0.0,0.0011345077358467,0.0,0.0,0.000459223078047049,0.0,0.0,0.0,0.0,0.0,0.0,0.0,0.0,0.0,0.0,0.0,0.0,0.0,0.0,0.0,0.0,0.0
5980,0.0,0.0,0.0,0.0,0.0,0.0,0.0,0.0,0.0,0.0,0.0,0.0,0.0,0.0,0.0,0.0,0.0,0.0,0.0,0.0,0.0,0.0,0.0,0.0,0.0,0.0,0.0,0.0,0.0,0.0,0.0,0.0,0.0,0.0,0.0,0.0,0.0,0.0,0.0,0.0,0.0,0.0,0.0,0.0,0.0,0.0,0.0,0.0,0.0,0.0,0.0,0.0,0.0,0.0,0.0,0.0,0.0,0.0,0.0,0.0,0.0,0.0,0.0,0.0,0.0,0.0,0.0,0.0,0.0,0.0,0.0,0.0,0.0,0.0,0.0,0.0,0.0,0.0,0.0,0.0,0.0,0.0,0.0,0.0,0.0,0.0,0.0,0.0,0.0,0.0,0.0,0.0,6.28950852800179e-05,0.0,0.0,0.0,0.0,0.0,0.0,0.0,0.0,0.999406080818695,0.0,0.0,0.0,0.000191162475637174,0.0,0.0,0.0,0.0,0.0,0.0,0.0,0.0,0.0,0.0,0.0,0.0,0.0,0.0,0.0,0.0,0.0,0.0,0.0,0.0
6100,0.0,0.0,0.0,0.0,0.0,0.0,0.0,0.0,0.0,0.0,0.0,0.0,0.0,0.0,0.0,0.0,0.0,0.0,0.0,0.0,0.0,0.0,0.0,0.0,0.0,0.0,0.0,0.0,0.0,0.0,0.0,0.0,0.0,0.0,0.0,0.0,0.0,0.0,0.0,0.0,0.0,0.0,0.0,0.0,0.0,0.0,0.0,0.0,0.0,0.0,0.0,0.0,0.0,0.0,0.0,0.0,0.0,0.0,0.0,0.0,0.0,0.0,0.0,0.0,0.0,0.0,0.0,0.0,0.0,0.0,0.0,0.0,0.0,0.0,0.0,0.0,0.0,0.0,0.0,0.0,0.0,0.0,0.0,0.0,0.0,0.0,0.0,0.0,0.0,0.0,0.0,0.0,0.00049090839289988,0.0,0.0,0.0,0.0,0.0,0.0,0.0,0.0,0.0,0.999674365313876,0.0,0.0,0.000432193423179697,0.0,0.0,0.00830776295739662,0.0,0.0,0.0,0.0,0.0,0.0,0.0,0.0,0.0,0.0,0.0,0.0,0.0,0.0,0.0,0.0,0.0
6280,0.0,0.0,0.0,0.0,0.0,0.0,0.0,0.0,0.0,0.0,0.0,0.0,0.0,0.0,0.0,0.0,0.0,0.0,0.0,0.0,0.0,0.0,0.0,0.0,0.0,0.0,0.0,0.0,0.0,0.0,0.0,0.0,0.0,0.0,0.0,0.0,0.0,0.0,0.0,0.0,0.0,0.0,0.0,0.0,0.0,0.0,0.0,0.0,0.0,0.0,0.0,0.0,0.0,0.0,0.0,0.0,0.0,0.0,0.0,0.0,0.0,0.0,0.0,0.0,0.0,0.0,0.0,0.0,0.0,0.0,0.0,0.00100225507391631,0.00316343074063822,0.0,0.0,0.0,0.0,0.0,0.0,0.000486350995772488,0.0,0.0,0.0,0.0,0.0,0.0,0.0,0.0,0.0,0.0,0.0,0.0,0.000867462085290637,0.0,0.0,0.0,0.0,0.0,0.0,0.0,0.0,0.0,0.0,0.977428115396527,0.0,0.00167059380882921,0.0,0.0,0.0350470703654998,0.0,0.0,0.0,0.0,0.0,0.0,0.0,0.0,0.0,0.0,0.0,0.0,0.0,0.0,0.000706010718526363,0.0,0.0
6480,0.0,0.0,0.0,0.0,0.0,0.0,0.0,0.0,0.0,0.0,0.0,0.0,0.0,0.0,0.0,0.0,0.0,0.0,0.0,0.0,0.0,0.0,0.0,0.0,0.0,0.0,0.0,0.0,0.0,0.0,0.0,0.0,0.0,0.0,0.0,0.0,0.0,0.0,0.0,0.0,0.0,0.0,0.0,0.0,0.0,0.0,0.0,0.0,0.0,0.0,0.0,0.0,0.0,0.0,0.0,0.0,0.0,0.0,0.0,0.0,0.0,0.0,0.0,0.0,0.0,0.0,0.0,0.0,0.0,0.0,0.0,0.0,0.0,0.0,0.0,0.0,0.0,0.0,0.0,0.0,0.0,0.0,0.0,0.0,0.0,0.0,0.0,0.0,0.0,0.0,0.0,0.0,0.0,0.0,0.0,0.0,0.0,0.0,0.0,0.0,0.0,0.0,0.0,0.00762917788312647,0.999527456360595,0.0458041914450636,0.0,0.0,0.00325630909887908,0.0,0.0,0.0128619997542293,0.0,0.0,0.0,0.0,0.0,0.0,0.0,0.0,0.0,0.0344373544008913,0.0,0.0,0.0,0.0
6800,0.0,0.0,0.0,0.0,0.0,0.0,0.0,0.0,0.0,0.0,0.0,0.0,0.0,0.0,0.0,0.0,0.0,0.0,0.0,0.0,0.0,0.0,0.0,0.0,0.0,0.0,0.0,0.0,0.0,0.0,0.0,0.0,0.0,0.0,0.0,0.0,0.0,0.0,0.0,0.0,0.0,0.0,0.0,0.0,0.0,0.0,0.0,0.0,0.0,0.0,0.0,0.0,0.0,0.0,0.0,0.0,0.0,0.0,0.0,0.0,0.0,0.0,0.0,0.0,0.0,0.0,0.0,0.0,0.0,0.0,0.0,0.0,0.0,0.0,0.0,0.0,0.0,0.0,0.0,0.0,0.0,0.0,0.0,0.0,0.0,0.0,0.0,0.0,0.0,0.0,0.0,0.0,0.0,0.0,0.0,0.0,0.0,0.0,0.0,0.0,0.0,0.0,0.0,0.0,0.0,0.746144543765818,1.0,0.0,0.0,0.0,0.0,0.0,0.0,0.0,0.0,0.0,0.0,0.0,0.0,0.0,0.0,0.0,0.0,0.0,0.0,0.0
6980,0.0,0.0,0.0,0.0,0.0,0.0,0.0,0.0,0.0,0.0,0.0,0.0,0.0,0.0,0.0,0.0,0.0,0.0,0.0,0.0,0.0,0.0,0.0,0.0,0.0,0.0,0.0,0.0,0.0,0.0,0.0,0.0,0.0,0.0,0.0,0.0,0.0,0.0,0.0,0.0,0.0,0.0,0.0,0.0,0.0,0.0,0.0,0.0,0.0,0.0,0.0,0.0,0.0,0.0,0.0,0.0,0.0,0.0,0.0,0.0,0.0,0.0,0.0,0.0,0.0,0.0,0.0,0.0,0.0,0.0,0.0,0.0,0.0,0.0,0.0,0.0,0.0,0.0,0.0,0.0,0.0,0.0,0.0,0.0,0.0,0.0,0.0,0.0,0.0,0.0,0.0,0.0,8.65828446711935e-05,0.0,0.0,0.0,0.0,0.0,0.0,0.0,0.0,0.0,0.0,0.0,0.0,0.000926722436241081,0.0,0.973044397463002,0.0,0.0,0.0,0.0,0.0,0.0,0.0,0.0,0.0,0.0,0.0,0.0,0.0,0.0,0.0,0.0,0.0,0.0
7180,0.0,0.0,0.0,0.0,0.0,0.0,0.0,0.0,0.0,0.0,0.0,0.0,0.0,0.0,0.0,0.0,0.0,0.0,0.0,0.0,0.0,0.0,0.0,0.0,0.0,0.0,0.0,0.0,0.0,0.0,0.0,0.0,0.0,0.0,0.0,0.0,0.0,0.0,0.0,0.0,0.0,0.0,0.0,0.0,0.0,0.0,0.0,0.0,0.0,0.0,0.0,0.0,0.0,0.0,0.0,0.0,0.0,0.0,0.0,0.0,0.0,0.0,0.00102605229328584,0.0,0.0,0.0,0.0,0.0,0.0,0.0,0.00311264487815252,0.0,0.0,0.0,0.0,0.0,0.0,0.0,0.0,0.00336704535534799,0.0,0.0,0.0,0.0,0.0,0.0,0.0,0.0,0.0,0.0,0.0,0.0,4.32914223355967e-05,0.0,0.0,0.0,0.0,0.0,0.0,0.0,0.0,0.0,0.0,0.0,0.0,0.00302950966824999,0.0,0.0,0.105704803055921,0.959813370568402,0.0,0.0,0.0,0.0,0.0,0.0,0.0,0.0,0.0,0.0,0.0,0.0,0.0,0.0,0.0,0.0
7380,0.0,0.0,0.0,0.0,0.0,0.0,0.0,0.0,0.0,0.0,0.0,0.0,0.0,0.0,0.0,0.0,0.0,0.0,0.0,0.0,0.0,0.0,0.0,0.0,0.0,0.0,0.0,0.0,0.0,0.0,0.0,0.0,0.0,0.0,0.0,0.0,0.0,0.0,0.0,0.0,0.0,0.0,0.0,0.0,0.0,0.0,0.0,0.0,0.0,0.0,0.0,0.0,0.0,0.0,0.0,0.0,0.0,0.0,0.0,0.0,0.0,0.0,0.0,0.0,0.0,0.0,0.0,0.0,0.0,0.0,0.0,0.0,0.0,0.0,0.0,0.0,0.0,0.0,0.0,0.0,0.0,0.0,0.0,0.0,0.0,0.0,0.0,0.0,0.0,0.0,0.0,0.0,4.24746030462459e-05,0.0,0.0,0.0,0.0,0.0,0.0,0.0,0.0,0.0,0.0,0.0,0.0,0.000515307543021946,0.0,0.0,0.0,0.0,0.814438927198294,0.0,0.0,0.0,0.0,0.0,0.0,0.0,0.0,0.0,0.0,0.0,0.0,0.0,0.0,0.0
7700,0.0,0.0,0.0,0.0,0.0,0.0,0.0,0.0,0.0,0.0,0.0,0.0,0.0,0.0,0.0,0.0,0.0,0.0,0.0,0.0,0.0,0.0,0.0,0.0,0.0,0.0,0.0,0.0,0.0,0.0,0.0,0.0,0.0,0.0,0.0,0.0,0.0,0.0,0.00228921739805222,0.0,0.0,0.0,0.0,0.0,0.0,0.0,0.0,0.0,0.0,0.0,0.0,0.0,0.0,0.0,0.0,0.0,0.0,0.0,0.0,0.0,0.0,0.0,0.0,0.0,0.0,0.0,0.0,0.0,0.0,0.0,0.0,0.0,0.0,0.0,0.0,0.0,0.0,0.0,0.0,0.0,0.0,0.00194010641771836,0.0,0.0,0.0,0.0,0.0279622193314858,0.0,0.0,0.0,0.0,0.0,0.000272817642643195,0.0,0.0,0.0,0.0,0.0,0.0,0.0,0.0,0.0,0.0,0.0,0.0,0.00882256382125477,0.0,0.0,0.00179514475963847,0.0,0.0,0.886556342932044,0.0,0.0,0.0,0.0,0.0,0.0,0.0,0.0,0.0,0.0,0.0,0.000545553737043099,0.0,0.0
7880,0.0,0.0,0.0,0.0,0.0,0.0,0.0,0.0,0.0,0.0,0.0,0.0,0.0,0.0,0.0,0.0,0.0,0.0,0.0,0.0,0.0,0.0,0.0,0.0,0.0,0.0,0.0,0.0,0.0,0.0,0.0,0.0,0.0,0.0,0.0,0.0,0.0,0.0,0.0,0.0,0.0,0.0,0.0,0.0,0.0,0.0,0.0,0.0,0.0,0.0,0.0,0.0,0.0,0.0,0.0,0.0,0.0,0.0,0.0,0.0,0.0,0.0,0.0,0.0,0.0,0.0,0.0,0.0,0.0,0.0,0.0,0.0,0.0,0.0,0.0,0.0,0.0,0.0,0.0,0.0,0.0,0.0,0.0,0.0,0.0,0.0,0.0,0.0,0.0,0.0,0.0,0.0,6.45287238587197e-05,0.0,0.0,0.0,0.0,0.0,0.0,0.0,0.0,0.0,0.0,0.0,0.0,0.00555202320546226,0.0,0.0,0.000584465735696245,0.0,0.0,0.0,1.0,0.990977413256003,0.0,0.0,0.0,0.0,0.0,0.0,0.0,0.0,0.0,0.0,0.0,0.0
8000,0.0,0.0,0.0,0.0,0.0,0.0,0.0,0.0,0.0,0.0,0.0,0.0,0.0,0.0,0.0,0.0,0.0,0.0,0.0,0.0,0.0,0.0,0.0,0.0,0.0,0.0,0.0,0.0,0.0,0.0,0.0,0.0,0.0,0.0,0.0,0.0,0.0,0.0,0.0,0.0,0.0,0.0,0.0,0.0,0.0,0.0,0.0,0.0,0.0,0.0,0.0,0.0,0.0,0.0,0.0,0.0,0.0,0.0,0.0,0.0,0.0,0.0,0.0,0.0,0.0,0.0,0.0,0.0,0.0,0.0,0.0,0.0,0.0,0.0,0.0,0.0,0.0,0.0,0.0,0.0,0.0,0.0,0.0,0.0,0.0,0.0,0.0,0.0,0.0,0.0,0.0,0.0,4.08409644675441e-05,0.0,0.0,0.0,0.0,0.0,0.0,0.0,0.0,0.0,0.0,0.0,0.0,0.000211941005597736,0.0,0.0,0.0,0.0,0.0,0.0,0.0,0.0,1.0,0.0,0.0,0.0,0.0,0.0,0.0,0.0,0.0,0.0,0.0,0.0
8400,0.0198751642575558,0.00490507242195164,6.9468565474123e-05,0.0,0.0,0.00531605615084309,0.0,0.00915322243584385,0.000469740859625773,0.000413359788359788,3.4380801760297e-05,0.0,0.0,0.0,0.0,0.0,0.0010680337498665,0.0,0.0,0.0,0.0,0.0,0.0,0.0,0.0,0.0,0.0,0.0,0.0,0.0,0.0,0.0,0.0,0.0,0.0,0.0,0.0,0.0,0.0,0.0,0.0,0.0,0.0,0.0,0.0,0.0,0.0,0.0,0.0,0.0,0.0,0.0,0.0397290955631399,0.0,0.0,0.0,0.0,0.00144737284997812,0.0,0.0,0.0042881968319852,0.0,0.0,0.0,0.0,0.0,0.0,0.0,0.0,0.0,0.00241664975011842,0.0,0.0,0.0,0.0,0.0,0.0,0.0,0.0,0.00273104789933781,0.0,0.0,0.0,0.0,0.0,0.0,2.26231547989367e-05,0.00158221390653009,0.0724629424967813,0.0,0.0,7.01340963923021e-06,0.000246679425383966,0.000139783757777503,0.0247818363602831,4.51487651812723e-05,0.0338748236566225,0.0,0.0249850019409253,0.00190927361469997,0.0286631640396964,0.000593919181305252,0.0,0.00985658813159587,0.000472543639405099,0.00930462571633982,0.0,0.0210436131760213,0.211764460308514,0.0382624391240677,0.059547343679467,0.0,0.0,0.00562481917821123,0.0,1.0,1.0,0.0,0.0276142035332037,0.0,0.00250882007056056,0.0244100070900436,0.0,0.0,0.0,0.0
8591,0.0,0.0,0.0,0.0,0.0,0.0,0.0,0.0,0.0,0.0,0.0,0.0,0.0,0.0,0.0,0.0,0.0,0.0,0.0,0.0,0.0,0.0,0.0,0.0,0.0,0.0,0.0,0.0,0.0,0.0,0.0,0.0,0.0,0.0,0.0,0.0,0.0,0.0,0.0,0.0,0.0,0.0,0.0,0.0,0.0,0.0,0.0,0.0,0.0,0.0,0.0,0.0,0.000106655290102389,0.0,0.0,0.0,0.0,0.0,0.0,0.0,0.0,0.0,0.0,0.0,0.0,0.0,0.0,0.0,0.0,0.0,0.0,0.0,0.0,0.0,0.0,0.0,0.0,0.0,0.0,0.0,0.0,0.0,0.0,0.0,0.0,0.0,0.0,0.0,0.0,0.0,0.0,0.0,6.53455431480705e-06,0.0,0.0,0.0,0.0,0.0,0.00116455517521262,0.0,0.0,0.0,0.0,0.0,0.0,0.000631667310801096,0.0,0.000490179363022574,0.285031415033294,0.00192419030752988,0.000101178338496023,0.0,0.0,0.00178971519306721,0.0,0.0,0.0,1.0,0.00627626443268825,0.0,0.000395269828825297,7.59647523549073e-05,0.0,0.0,0.0,0.0
8592,0.0,0.0,0.0,0.0,0.0,0.0,0.0,0.0,0.0,0.0,0.0,0.0,0.0,0.0,0.0,0.0,0.0,0.0,0.0,0.0,0.0,0.0,0.0,0.0,0.0,0.0,0.0,0.0,0.0,0.0,0.0,0.0,0.0,0.0,0.0,0.0,0.0,0.0,0.0,0.0,0.0,0.0,0.0,0.0,0.0,0.0,0.0,0.0,0.0,0.0,0.0,0.0,0.0,0.0,0.0,0.0,0.0,0.0,0.0,0.0,0.0,0.0,0.0,0.0,0.0,0.0,0.0,0.0,0.0,0.0,0.0,0.0,0.0,0.0,0.0,0.0,0.0,0.0,0.0,0.0,0.0,0.0,0.0,0.0,0.0,0.0,0.0,0.0,0.0,0.0,0.0,0.0,0.000209105738073826,0.0,0.0,0.0,0.0,0.0,0.0,0.0,0.0,0.0,0.0,0.0,0.0,0.00157085686501851,0.0,0.0,0.0151334877992778,0.0,0.0,0.0,0.0,0.0,0.0,0.0,0.0,0.0,0.966109532034108,0.0,0.0,0.0,0.0,0.0,0.0,0.0
8691,0.0,0.0,0.0,0.0,0.0,0.0,0.0,0.0,0.0,0.0,0.0,0.0,0.0,0.0,0.0,0.0,0.0,0.0,0.0,0.0,0.0,0.0,0.0,0.0,0.0,0.0,0.0,0.0,0.0,0.0,0.0,0.0,0.0,0.0,0.0,0.0,0.0,0.0,0.0,0.0,0.0,0.0,0.0,0.0,0.0,0.0,0.0,0.0,0.0,0.0,0.0,0.0,0.0,0.0,0.0,0.0,0.0,0.0,0.0,0.0,0.0,0.0,0.0,0.0,0.0,0.0,0.0,0.0,0.0,0.0,0.0,0.0,0.0,0.0,0.0,0.0,0.0,0.0,0.0,0.0,0.0,0.0,0.0,0.0,0.0,0.0,0.0,0.0,0.0,0.0,0.0,0.0,0.0,0.0,0.0,0.0,0.0,0.0,0.0,0.0,0.0,0.0,0.0,0.0,0.0,4.15570599211247e-06,0.0,0.0,0.0304965871375791,0.0,0.0,0.0,0.0,0.0,0.0,0.0,0.0,0.0,0.0,1.0,0.00896707173657389,0.0,0.0,0.0,0.0,0.0
8692,0.0,0.0,0.0,0.0,0.0,0.0,0.0,0.0,0.0,0.0,0.0,0.0,0.0,0.0,0.0,0.0,0.0,0.0,0.0,0.0,0.0,0.0,0.0,0.0,0.0,0.0,0.0,0.0,0.0,0.0,0.0,0.0,0.0,0.0,0.0,0.0,0.0,0.0,0.0,0.0,0.0,0.0,0.0,0.0,0.0,0.0,0.0,0.0,0.0,0.0,0.0,0.0,0.0,0.0,0.0,0.0,0.0,0.0,0.0,0.0,0.0,0.0,0.0,0.0,0.0,0.0,0.0,0.0,0.0,0.0,0.0,0.0,0.0,0.0,0.0,0.0,0.0,0.0,0.0,0.0,0.0,0.0,0.0,0.0,0.0,0.0,0.0,0.0,0.0,0.0,0.0,0.0,0.0,0.0,0.0,0.0,0.0,0.0,0.0,0.0,0.0,0.0,0.0,0.0,0.0,0.00151267698112894,0.0,0.0,0.000480096854321915,0.0,0.0,0.0,0.0,0.0,0.0,0.0,0.0,0.0,0.0,0.0,0.98812883836404,0.0,0.0,0.0,0.0,0.0
9080,0.0,0.0,0.0,0.0,0.0,0.0,0.0,0.0,0.0,0.0,0.0,0.0,0.0,0.0,0.0,0.0,0.0,0.0,0.0,0.0,0.0,0.0,0.0,0.0,0.0,0.0,0.0,0.0,0.0,0.0,0.0,0.0,0.0,0.0,0.0,0.0,0.0,0.0,0.0,0.0,0.0,0.0,0.0,0.0,0.0,0.0,0.0,0.0,0.0,0.0,0.0,0.0,0.0,0.0,0.0,0.0,0.0,0.0,0.0,0.0,0.0,0.0,0.0,0.0,0.0,0.0,0.0,0.0,0.0,0.0,0.0,0.0,0.0,0.0,0.0,0.0,0.0,0.0,0.0,0.0,0.0,0.0,0.0,0.0,0.0,0.0,0.0,0.0,0.0,0.0,0.0,0.0,4.73755187823511e-05,0.0,0.0,0.0,0.0,0.0,0.0,0.0,0.0,0.0,0.0,0.0,0.0,0.00108879496993347,0.0,0.0,0.0,0.0,0.0225082888408076,0.0,0.0,0.0,0.0,0.0,0.0,0.0,0.0,0.0,0.0,0.940798136331409,0.0,0.0,0.0,0.0
9480,0.0,0.0,0.0,0.0,0.0,0.0,0.0,0.0,0.0,0.0,0.0,0.0,0.0,0.0,0.0,0.0,0.0,0.0,0.0,0.0,0.0,0.0,0.0,0.0,0.0,0.0,0.0,0.0,0.0,0.0,0.0,0.0,0.0,0.0,0.0,0.0,0.0,0.0,0.0,0.0,0.0,0.0,0.0,0.0,0.0,0.0,0.0,0.0,0.0,0.0,0.0,0.0,0.0,0.0,0.0,0.0,0.0,0.0,0.0,0.0,0.0,0.0,0.0,0.0,0.0,0.0,0.0,0.0,0.0,0.0,0.0,0.0,0.0,0.0,0.0,0.0,0.0,0.0,0.0,0.0,0.0,0.0,0.0,0.0,0.0,0.0,0.0,0.0,0.0,0.0,0.0,0.0,0.000441082416249476,0.0,0.0,0.0,0.0,0.0,0.0,0.0,0.0,0.0,0.0,0.000809967363079782,0.0,0.00241862088740946,0.0,0.0,0.0,0.0,0.0,0.0,0.0,0.0,0.0,0.0,0.0,0.0,0.0,0.0,0.0,0.0,1.0,0.784923462019832,0.991752434417992,0.0
9700,0.0,0.0,0.0,0.0,0.0,0.0,0.0,0.0,0.0,0.0,0.0,0.0,0.0,0.0,0.0,0.0,0.0,0.0,0.0,0.0,0.0,0.0,0.0,0.0,0.0,0.0,0.0,0.0,0.0,0.0,0.0,0.0,0.0,0.0,0.0,0.0,0.0,0.0,0.0,0.0,0.0,0.0,0.0,0.0,0.0,0.0,0.0,0.0,0.0,0.0,0.0,0.0,0.0,0.0,0.0,0.0,0.0,0.0,0.0,0.0,0.0,0.0,0.0,0.0,0.0,0.0,0.0,0.0,0.0,0.0,0.0,0.0,0.0,0.0,0.0,0.0,0.0,0.0,0.0,0.0,0.0,0.0,0.0,0.0,0.0,0.0,0.0,0.0,0.0,0.0,0.0,0.0,0.0,0.0,0.0,0.0,0.0,0.0,0.0,0.0,0.0,0.0,0.0,0.0,0.0,0.0,0.0,0.0,0.0,0.0,0.0,0.0,0.0,0.0,0.0,0.0,0.0,0.0,0.0,0.0,0.0,0.0,0.0,0.0,0.0,1.0
