activity_code,0191,0192,0280,0580,0680,0791,0792,1091,1092,1093,1100,1200,1300,1400,1500,1600,1700,1800,1991,1992,2091,2092,2093,2100,2200,2300,2491,2492,2500,2600,2700,2800,2991,2992,3000,3180,3300,3500,3680,4180,4580,4900,5000,5100,5280,5500,5600,5800,5980,6100,6280,6480,6800,6980,7180,7380,7700,7880,8000,8400,8591,8592,8691,8692,9080,9480,9700
0191,1.02716119452794,0.0628160222377294,0.0128982164876885,0.00902116373124417,0.00599327608756665,0.00541303599056319,0.00664597349564409,0.0787555071743668,0.569769251876739,0.264432213824944,0.0485403339950496,0.46675399467549,0.123116528361643,0.0363907080566989,0.0169464651582148,0.0101563550872126,0.00954929177497648,0.00352394725512531,0.0470451189320118,0.452699643882461,0.0081035613709002,0.0121497968769491,0.0345919994638209,0.0119883807056939,0.00643635212508939,0.0065042810480336,0.00537522650898418,0.00612939669513685,0.004716593151915,0.00281566225940066,0.00450233329109324,0.00447849735560615,0.00508682839473532,0.00575643259358476,0.00323280668719546,0.00641517507782687,0.00375553290838256,0.00235962347475788,0.00309017623539816,0.00490308517964228,0.0126182233011201,0.0132441171102195,0.005405810202207,0.00957084701006844,0.00287184700025929,0.0211989341874953,0.0426486539739092,0.00282688284692072,0.00293007973669019,0.00224235735945825,0.00109073760885351,0.00116628889385548,0.000302794093014264,0.00163750557459147,0.00307073411152575,0.0025274242543179,0.00339643965971202,0.00260470516713426,0.00212477473382517,0.00399561048414552,0.0038542408158599,0.00193775368675906,0.00786849004807189,0.0048176124446831,0.00246973901105958,0.00819005567512433,0.0
0192,0.00302202036843679,1.04531913863996,0.00544588604431756,0.000982133417267131,0.000542255667931016,0.000448932695956848,0.00067380344065031,0.337538988133512,0.00502539829156387,0.0198722233131013,0.00263165226108287,0.0203607255016324,0.00662671102681982,0.00474209532845968,0.0173792550023242,0.00654897831763058,0.00374131249823095,0.000610023434469959,0.00118716983482006,0.0108839635509468,0.000769033480217548,0.00110298747884259,0.0130166740685092,0.00081678026234889,0.00108545317215456,0.00146391709453437,0.00112400554221299,0.00137975520724158,0.000915449596737424,0.000357778812563866,0.000591030693675072,0.000665025283584601,0.000669889983102643,0.000664392942163353,0.000453275000328928,0.0011165611526998,0.000534339763101396,0.00031776962978404,0.000428153808273112,0.00205174688935099,0.000835492020014157,0.00050135052601405,0.000326499853080531,0.00100226722632338,0.000489426188567036,0.0204829647364351,0.0323554774202648,0.000466946040569288,0.00100470991893719,0.000994324983304639,0.000253211941019088,0.000369551745198905,0.000117568876774925,0.000438119092894802,0.000607121890609695,0.000672692944444528,0.000354676914796368,0.000658699924789398,0.000186892122312859,0.00204298572982732,0.00222826420551981,0.000933205771979214,0.00431963645342751,0.00225873314131771,0.000550647271663732,0.00307175108459028,0.0
0280,0.00357035877217017,0.00917458910366485,1.04508895644561,0.000585273594476404,0.000438794828153708,0.000422067434767136,0.000475531162248242,0.0109064859148411,0.00216407884946358,0.00318487050110005,0.00154163064539315,0.00466192174286204,0.00186057448211524,0.000997415686422874,0.00198194660028598,0.0800482790442886,0.0402870272689239,0.00264304859603296,0.000451314423172746,0.00216866097758271,0.00158187080125912,0.000800301202783622,0.00264642898419021,0.000895510235303467,0.00702719606970578,0.00252937736160796,0.00876163781876911,0.000612679965318481,0.0028598925918073,0.00065993836673701,0.00115880187489146,0.00137220861819249,0.00147944052053559,0.00182034400452905,0.00104731523483851,0.00657015740925134,0.000719057957271645,0.000420745895280603,0.000467695623064134,0.00328251991759916,0.000728190220616128,0.000410405969224495,0.000323601586715272,0.000400191922445292,0.000366480869658426,0.00249230224118374,0.0032175495476277,0.00167689805007676,0.000616131626626695,0.000370456994073167,0.000250448834077987,0.000199074566286948,0.000110950309442854,0.000365362884474112,0.000449942885572197,0.000555840495069714,0.000571336134922017,0.000489006667955237,0.000111075021121774,0.000395405989577528,0.000435814535847214,0.000307683226274944,0.000778024441754106,0.000614720353731095,0.00033285091593917,0.000647244570692648,0.0
0580,0.00253452617242466,0.00492682223898153,0.000843599068572203,1.01639195691594,0.00487243985040703,0.000918613501917177,0.00115753039368467,0.00250258339173902,0.00195092238784008,0.00266412646050456,0.0027385684739543,0.00141482802761275,0.0014398218942516,0.000543171252355252,0.000950164007782182,0.000946356216630587,0.00147095349337232,0.000673111996044479,0.00237680049553591,0.00646952885326612,0.0109685386756572,0.00323429276712934,0.00238331903493759,0.00064112460314386,0.0025292931076633,0.0668619942038007,0.0118305605809011,0.00769738367165457,0.00319381655968205,0.000361424747405588,0.00266640473056035,0.00162012702214665,0.00234584811311187,0.00257219674394894,0.00139682095594369,0.00201546631569855,0.00117143275777907,0.00210595599559642,0.00747110448954658,0.0181920670848547,0.000509062578092889,0.000797206873561242,0.0004551510805561,0.000594224449673445,0.000566828345838382,0.00148942040708928,0.00110960913755739,0.000319583515803135,0.000380398219894784,0.000785155643888808,0.000241642667120335,0.000165788358579704,0.000932340747533535,0.000220059014964672,0.000438955298401818,0.000275464944483061,0.000387807622618498,0.000666270574562833,0.000122423375043371,0.00070017257151239,0.000307744884824261,0.00027118990816305,0.000724862403310248,0.000401706163777105,0.000488933773497866,0.00060943752520144,0.0
0680,0.0217483393509493,0.020071579868791,0.0115880129696613,0.0325181631648704,1.05273029508993,0.0333844745093389,0.039453211612956,0.0224461202706308,0.0268518145355142,0.0231642427806691,0.0176208060239027,0.0142471897806441,0.0141310439332928,0.00761555888539643,0.0118222513753388,0.0164901306107854,0.0225298221527678,0.00716442182209462,0.381563283076094,0.026652099403112,0.0392989191599704,0.0172981646704733,0.0178251349617647,0.00887105763280321,0.0194615150000419,0.0304143224634132,0.0242269190845066,0.0274797342014401,0.0154286350609533,0.00625879633771114,0.0139510133648249,0.0102895679472549,0.0133285524721667,0.0128341220960127,0.00823321786488519,0.0104679382220257,0.00804266205597724,0.0283346794804345,0.0170603946156118,0.0133749443354092,0.0110904682472854,0.0854327320312504,0.0332159983528725,0.0600315460629829,0.0124841497836249,0.0078441252498753,0.0104710140983242,0.00561700888066234,0.00470545025149914,0.00400560872925846,0.0023133652588962,0.00201635666832724,0.000578297283730737,0.00310615504894554,0.0068575704480793,0.00406830494162026,0.0083187958577143,0.00402222299214848,0.00470327832510377,0.00478575041320106,0.00237181289166223,0.00360115943068405,0.00382391880195091,0.00355165449729458,0.00479299631881958,0.00807366651112129,0.0
0791,0.000319886540772241,0.000607551844958144,0.000212232000961306,0.00111710257330111,0.00219829622462537,1.01685372598791,0.00340148240482196,0.000833511685237502,0.000369605459816433,0.000647306614247845,0.00194690421759218,0.00029165110238311,0.000355970571666399,0.000262849665092896,0.000349649459852692,0.00068292365719153,0.000695271976910222,0.000526110283722285,0.000925448266977556,0.000408847704298452,0.000507317864642102,0.000636137010911626,0.00102009316493308,0.000290949390570551,0.00140169602654193,0.00290347141837771,0.103020945980188,0.0034873395075819,0.0213583762842351,0.000615748975864886,0.0056247724532303,0.00907549471995883,0.00682091949948113,0.0105986469165364,0.00392467997525915,0.00263134980812116,0.00386011443150597,0.000841732877077793,0.000818155655392843,0.00406435157602545,0.000482408737476211,0.000677544985397809,0.000560323442088798,0.000346217230131778,0.000312759650505473,0.000387274425341342,0.000477294746168359,0.000266800186420698,0.000205246020459096,0.000296888960543445,0.000149996245103274,7.85168947011611e-05,6.11644297748729e-05,0.000132236521101898,0.000338721463324435,0.000167360144752785,0.000742446351802768,0.000289452065061608,0.000120794345299587,0.000224200173764433,0.000105060579840337,0.000136714614253721,0.000264242283047375,0.000213164471664796,0.000324409166752698,0.000240073717994053,0.0
0792,0.00026161382990117,0.000274800029201482,9.34871978834988e-05,0.000482519856840193,0.000921372938721596,0.000490104867755885,1.03095886606772,0.000420384713972579,0.000245233926576216,0.000437046833952166,0.000623020682674578,0.000198208992897764,0.000235259914829304,0.000162555071453138,0.000226042759398871,0.000303092070244222,0.000639628039112255,0.00100797850545526,0.000399549567360659,0.000286691202589298,0.000817808684129814,0.00064662728525915,0.000548976072266628,0.000175873904916873,0.000584592249259104,0.00143633947959453,0.0166796129840249,0.0591564202543144,0.00521123535705417,0.000397368764540247,0.00638576096060953,0.00274570458355996,0.00237782908862921,0.00541422947597576,0.00266320854837367,0.00240239514251914,0.00226704825385221,0.000409748375424784,0.000439104173267112,0.00125223174814945,0.000252769347319446,0.00034234636682163,0.000301749785090383,0.000164656456445907,0.000162278162303096,0.000195465238906304,0.00020832354425062,0.000204323424550907,0.000120284895821185,0.000150809546269615,7.65921933091867e-05,4.52881964477871e-05,3.40010898919646e-05,8.72002779055822e-05,0.000136848705723183,0.000114042325808202,0.000232403184976335,0.000141131631649179,5.3691348689039e-05,9.20859264426462e-05,5.17657993237934e-05,8.09365116465204e-05,0.000134753670824828,0.000169155213025944,0.000212322987053232,0.000150963157137469,0.0
1091,0.000752924600059813,0.0162225013184357,0.00163454262449978,0.00116619199003198,0.000626840224649074,0.000634053628792104,0.00070509638587278,1.10151341076821,0.000758967230243776,0.0114662765397252,0.00192378314924046,0.000966259574707301,0.000695900731076923,0.000548699547299253,0.0535845053207924,0.00087859320171164,0.000905216151117649,0.000649609630332018,0.00139644975279367,0.0165061129536567,0.000885955105557978,0.00164131391094833,0.0389601241240628,0.00112875526392284,0.00084413441156091,0.000744265154572051,0.000631167515383519,0.000714649932780744,0.00143125010202546,0.000477477208395083,0.000686471652433624,0.00102784387744391,0.000879462478706107,0.00060514911463732,0.000510636850632993,0.000657002844615855,0.00092543563330575,0.000485459857412978,0.000338914988985257,0.000562729468278401,0.000889708086855889,0.000635309940878282,0.000446355783083905,0.00188796472053654,0.000448708285068579,0.0222494211056321,0.0785418344471706,0.000530970463549354,0.00195978604552107,0.000628583273163596,0.000318980606787696,0.000593460461927812,6.59611795419198e-05,0.000790256424973688,0.000534265564395459,0.00112993531192147,0.00047367492913336,0.00101604749004528,0.000259403135006437,0.00455624162056148,0.00548749998014581,0.00218817069091624,0.0105072171182409,0.00499719090329603,0.000849715144977245,0.00613821043983029,0.0
1092,0.00249434500405843,0.00339797887093084,0.00134394313023053,0.00340166990151244,0.00332874179985194,0.00290578909228695,0.00351241958216978,0.00465005148069564,1.01624596889519,0.012075459209694,0.0109145783106347,0.00165331338742284,0.00141584115036267,0.000846694155487397,0.00137845060461697,0.00233729646532257,0.00214607109716062,0.000987420256896865,0.0313268136613024,0.0148971745774241,0.00397644872219484,0.00703738375592971,0.0171627417926221,0.00668196035551589,0.00201156899482267,0.00261336894696854,0.00215536354901086,0.00234082602975066,0.00165694988485563,0.000729602018284578,0.00145280369097463,0.00164252368432973,0.00147209684471188,0.00124862936904736,0.00093726556561778,0.00119691613809273,0.00142743552568406,0.00103529294258226,0.00115295681619205,0.00155336880082916,0.00144218339126071,0.00809587787086944,0.00310495010216923,0.00535466639022574,0.00139053544790354,0.00145000875472329,0.00484871601232502,0.000834589709592774,0.000815526964016317,0.000564478490636412,0.000368678608679649,0.000353716843828329,9.28805025890459e-05,0.000608899157677224,0.00135668333056121,0.000749481906710102,0.00166522407082798,0.000764581733453012,0.00110057144132823,0.000885664549530273,0.000599046990163471,0.000476453947758101,0.0010860262891514,0.000922954263254355,0.000846227637402725,0.00146198731299041,0.0
1093,0.0086301013496321,0.103400076342924,0.0284196214636711,0.0116102323480431,0.00286470650072741,0.00282108345055683,0.00351737749418121,0.144923025087798,0.0068657752632566,1.11202180623311,0.0416257853112988,0.00730842676970855,0.00443936690524302,0.00289537990932073,0.0105909691422983,0.00724149212115521,0.0121393905758046,0.003618182365448,0.0146008946756625,0.0813610690378548,0.00663194733562751,0.0146110630453981,0.035877772439991,0.0060648349712158,0.00492626364313848,0.00486755014654107,0.00335670274186656,0.00348377302268638,0.00350802053997897,0.0020911296434136,0.00318629661880367,0.00313241272035918,0.00330510067744695,0.00283294916483852,0.00221830856390817,0.00353452733450029,0.00285068158347051,0.00140546688570588,0.00172596818513726,0.00296581642116657,0.00511674474052534,0.00478792783297729,0.00217061409475827,0.00505489837275474,0.00159614309887948,0.0189807023218658,0.0688212030792212,0.00224569425244957,0.00271208049945521,0.00158043122092667,0.00079259312251766,0.0012107008284459,0.000250560013185588,0.00144380522243209,0.00170154899323991,0.00242947761599853,0.00179323670026993,0.0017180502447032,0.000847873774226961,0.00424736171577121,0.00576267672950685,0.00237950777937829,0.0136756068314696,0.00596180888742944,0.00264331914872425,0.0100537210449825,0.0
1100,0.000212769637085917,0.000317072114305021,0.000123226682271114,0.000588303932540087,0.000457881999583971,0.00035144337671139,0.00042165091781482,0.00267958336615491,0.000285488547555944,0.000726740866759524,1.12656674987056,0.000335243875811726,0.000318404809325637,0.000272742090728033,0.00043435134543483,0.000373830007756971,0.000383891606611228,0.000373323676524151,0.000475082810437756,0.000379709528939944,0.000379222528565787,0.00065486895340408,0.000681569365870087,0.000808767005135977,0.000377216597893741,0.000399138025235709,0.000417654691342358,0.000445650478451634,0.000558207910398901,0.000332717067495589,0.000455596618421805,0.00064539500972404,0.000681303388365571,0.000398862552753682,0.000406876470528615,0.000356118912325769,0.000594970561659927,0.000418858643214325,0.000217474925666293,0.00036767966057989,0.000422077924229944,0.000323634181855962,0.000273455808385161,0.00223491518397465,0.000355692898800503,0.0209876984511914,0.103321733683245,0.000361984420724869,0.0022741894983496,0.000559037996627731,0.000284288464442672,0.000885734358237138,6.87242489921091e-05,0.000858814899671689,0.000304254322443972,0.00113205733107417,0.000315321609894484,0.000831656880125935,0.000155026478255391,0.00162398712652765,0.000943057164377999,0.000527768827530182,0.00303652704600753,0.00262046612140791,0.00122098291747356,0.00575341609943052,0.0
1200,7.92748796254834e-06,1.06981069874224e-05,3.94200313255052e-06,1.05608253841227e-05,1.29806217570523e-05,2.96070792002999e-05,2.60333276899649e-05,1.64355701415936e-05,8.15224526561956e-06,1.39231988906423e-05,1.36081429845762e-05,1.04654902837004,1.28999182489942e-05,1.32737328830577e-05,1.48144165756223e-05,1.48227479825457e-05,1.53636151953216e-05,1.37665611366355e-05,7.34431363424927e-06,9.46794180054108e-06,1.05446345322099e-05,1.22905165914094e-05,1.52032217536284e-05,1.38554166667444e-05,1.42574183185334e-05,1.52975750513605e-05,1.70539831883471e-05,2.09363765343327e-05,1.45931115552646e-05,1.34688165515195e-05,2.30305849147358e-05,7.12908576279565e-05,2.46811013770166e-05,1.73425449001217e-05,1.83675016479613e-05,1.46725320408241e-05,6.50053617127905e-05,6.3964917401306e-06,6.65117747127445e-06,1.55314345513452e-05,6.32609446285701e-06,9.07847212270027e-06,1.14163275886438e-05,5.68460919413847e-06,6.00697278090864e-06,7.00651306923663e-06,1.11936775790601e-05,1.13392551288799e-05,5.63421518212839e-06,6.62536073843683e-06,4.21453693626377e-06,1.96670522835349e-06,7.26118736877637e-07,3.01455198456969e-06,2.37010734439857e-05,6.3247651180613e-06,7.71332973256278e-06,9.36009905612514e-06,2.09172560214227e-06,2.71287217513656e-06,2.45138427669917e-06,3.14770617400768e-06,6.52170751399053e-06,8.28303784259169e-06,6.78363919126552e-06,5.55772960715971e-06,0.0
1300,0.00266670701336025,0.000854910713916214,0.000419840916115591,0.0103105048027979,0.00157524278064871,0.000589555105040662,0.000969626090619183,0.0012431440714109,0.00380151014070855,0.00267359067642696,0.00168139086381623,0.00155758442243766,1.20469916462961,0.252985906061008,0.0932803597672922,0.00114709826365973,0.00229270654428048,0.00112130452448134,0.000895068983982468,0.0016905898433861,0.000942444590276214,0.00157174572273183,0.00167583668187043,0.00239777781991859,0.00894837571801383,0.00216601817902,0.000822482043324143,0.000833465440302639,0.00178495938478748,0.000650563455922873,0.00169795037316457,0.0011178775156401,0.00594604025302865,0.0192879549360099,0.00373070196731597,0.0218686290925275,0.000976232457967976,0.000922036201914042,0.00118649588043295,0.00217007391976115,0.000980353268634501,0.00154382065107388,0.00130073622424902,0.00168225946730147,0.000781452202805274,0.0132116431910442,0.00176162115259442,0.000580422308683461,0.00186549384688576,0.000659199164444932,0.000296633025050313,0.000536267459182579,9.63256449469646e-05,0.000330267713673566,0.00123854193868841,0.00101124313797439,0.000651866529509475,0.000589345268065867,0.00168298779271492,0.000692385303014536,0.000944514152517931,0.000340814498626484,0.000905065481783735,0.00150069487815041,0.00154978557592869,0.00665386572790095,0.0
1400,0.000303359197612634,0.000344129095155733,0.000592298467360216,0.000741434556348536,0.00110479282325601,0.00039282223479515,0.000452999446926623,0.000576578775602332,0.000474953247749975,0.000571814009713805,0.00068861167013323,0.000446248479589511,0.00214175337546082,1.04140141683707,0.0031526133599777,0.000485453574358417,0.00052915870325405,0.000344086961782319,0.000528827853139794,0.000421749274045888,0.000411062964659987,0.000604967925493303,0.000527084385368242,0.000446874490296085,0.000494441051627634,0.000809844186333255,0.0005835120711379,0.000511331417471377,0.00106477929789571,0.000391390984135759,0.000523410848099089,0.000525434209083754,0.000687628798245598,0.000859708383676461,0.000422902268355849,0.000778412114457082,0.000380731242951153,0.00121842972128408,0.00228153013557356,0.000455933503254493,0.000772424453983776,0.00112325353034208,0.00090324463864752,0.00481360840755062,0.00164273013269265,0.00535011250368991,0.00142100329923456,0.000398610303939016,0.00508123328202722,0.00105848349042634,0.000300561907839071,0.00152922669459009,0.00013501633475066,0.000316840695553032,0.00311865268307151,0.00219664504662694,0.000338837806221089,0.00102005981985255,0.00583801232261036,0.00143090917010447,0.00246501932268724,0.000366195940926657,0.000704292614737446,0.000641879396077112,0.00405428249332333,0.00713511206433093,0.0
1500,7.46912346010057e-05,0.000113970904515648,3.57449821079356e-05,0.000163451604664968,0.000102042674490034,9.4696370753125e-05,9.27160876416252e-05,0.000185838862091355,7.89605410264378e-05,0.000190084843298819,0.000214976343576311,0.000111466826830062,0.000239778570606276,0.000194442167291535,1.16941801714213,0.000139247324341448,0.000720687443467772,0.00019921800582688,5.7077440598216e-05,9.85312981338882e-05,0.000102763407804823,0.000151778728572118,0.000253453466804126,0.000109292901805656,0.000301492717782238,0.000175911622982001,0.000109762396697555,0.000120783888147097,0.000444280627627422,7.41368716491622e-05,0.000141658909206426,0.000130823782692479,0.000361716778478364,0.000316651282863698,0.000147652509140854,0.000626519875168719,0.000114585629366309,0.0010314550694799,0.000104364675270995,0.000154503658675836,8.7234615026948e-05,0.000111410565647987,4.94711798447305e-05,9.96541114622403e-05,8.19277914874245e-05,0.000204861257525374,0.000168950912366148,0.000142349602945674,0.00104667075351256,9.81839240094016e-05,5.00437891300777e-05,4.38121782315184e-05,8.3532745863126e-06,4.50389694612922e-05,0.000152020377853562,0.000374687599948153,7.29032305719826e-05,8.94842722615535e-05,0.00143746919756667,7.20686527452062e-05,5.19356451798879e-05,5.93440342035084e-05,7.86461980392805e-05,7.47117379754775e-05,9.4942645717228e-05,8.9566863506608e-05,0.0
1600,0.0018020919798851,0.00351191480575651,0.00103538721543109,0.000860656140324526,0.000516869438644702,0.000801466136628199,0.000824464356953499,0.00218640215104002,0.00123102989577783,0.00246337564436093,0.00243378752590827,0.00145973693415947,0.00153889837327992,0.00173198587724814,0.00118357788703165,1.12031811979022,0.00800630956388904,0.000976595236556836,0.000422988207937245,0.00123052668091896,0.000697168760438897,0.00126842498744284,0.00115752255593231,0.000618494468246499,0.000919464080229396,0.00144467301997233,0.00088709990748804,0.00106431563265318,0.00342920477499457,0.000625206944952911,0.000937625063284322,0.0035859045960237,0.00222685556646628,0.0020832921145608,0.00417964026263826,0.075472922139746,0.00103407899328815,0.00264894489956927,0.001118137042713,0.0107946233988534,0.00241527333423098,0.00048590553820685,0.000652326642904577,0.000421389244076527,0.00125576993004747,0.0010168360940967,0.00100516729825753,0.000792621385488249,0.0037407354148243,0.000893733464391514,0.000356959187645853,0.000271538912587388,0.000760728934184223,0.000415410712237877,0.000698261871013699,0.00159831353150877,0.00089250818671531,0.00101542206115962,0.000184625874155576,0.000564149122973805,0.000410167362776572,0.000452502452653335,0.00110954859478979,0.00265297763290368,0.00105935026594286,0.00170751305245193,0.0
1700,0.00380197381763381,0.00599795194990456,0.00221934493013376,0.00349629510244702,0.00261089903388025,0.00390842568693558,0.00388793787846346,0.0216714891986648,0.0038189871281113,0.0211803131763056,0.0110873071891713,0.0495865785978789,0.0180233008137984,0.0112222132188513,0.0272280392740876,0.0425468806906325,1.16320635541554,0.06546695215217,0.00267922004048427,0.00581180582419908,0.0035077366937067,0.00708927285503738,0.0469166031609837,0.0191865038313644,0.0273267153137801,0.0289355697468198,0.00346342593724021,0.0031750656738076,0.0189431373671452,0.012969882799854,0.0102747359928961,0.00542529559443472,0.00933589307523052,0.0142376485469442,0.0053833242849848,0.0210270848392995,0.00404200520226292,0.00268800365959459,0.00297995930135276,0.00633873015662055,0.00803247093717173,0.00323488204585055,0.00455462516944105,0.00323328786375322,0.00461026538247013,0.011419890953423,0.010469085184656,0.0446199444984842,0.00638193347791929,0.00363633646470849,0.00491949305828366,0.00373796241041461,0.000856651714302401,0.00766471005676794,0.00707224962832287,0.0101514038004233,0.0102497911352009,0.00840135950966067,0.00177698514139513,0.00277152444091088,0.00346172720786286,0.00482946630812802,0.00343711892598857,0.00586981743837054,0.00449036690286176,0.00640331523038605,0.0
1800,0.000935207634708169,0.001303980326164,0.000607054154670425,0.00130793503096329,0.00109955347206993,0.00131588514603659,0.00151069906134388,0.00253342205501775,0.00145350360586017,0.00246903538164692,0.00693228925259123,0.00221802658260567,0.00184910667662642,0.00187730953321479,0.00249262931251745,0.00257400127541095,0.00397481633807691,1.05419358669222,0.00092230835399504,0.00155657201063789,0.00128083333382619,0.00204562183743631,0.00280304142991128,0.00234975931704459,0.00225092925684374,0.00212647111424993,0.00157500882763734,0.00164717479495312,0.0019868268407848,0.00425223169494873,0.00218912676236792,0.00209536345431373,0.00276360680085776,0.00199682145308568,0.0015278357225163,0.00223796494028837,0.00152282581663047,0.00146656923021927,0.000999742640205062,0.00138663021232533,0.00718369233108084,0.00129918253253307,0.00104695408190076,0.00191627448106179,0.00168387219495385,0.0020296275438094,0.00223060215779172,0.0676917583800271,0.0096686966901517,0.00705528082485973,0.00508934065061111,0.00380882918322635,0.000729099069939573,0.0036594483822719,0.00462218099118484,0.0248600625454595,0.00269634745000134,0.00589341939840308,0.000670810781725241,0.00235487399872522,0.00165349588891097,0.00198666092765368,0.0016406431660188,0.0014793404616337,0.00952300719164147,0.0034271685767166,0.0
1991,0.0779148867768424,0.0716332547360538,0.042462009208601,0.118692217971834,0.059263396408679,0.114212664162763,0.140765476070456,0.0811239839114602,0.0987077540549584,0.0812065318592531,0.060917331035482,0.0506563491228586,0.0454833842767029,0.0262647967834872,0.0417160777772512,0.0558307597579516,0.0724108389963957,0.0246934018466777,1.45222033834081,0.0976517422266523,0.13057709074762,0.0594396104324364,0.0626138729232453,0.0313173209790786,0.0665748853039737,0.0991720001931875,0.0818975238457973,0.091753510337388,0.0491647064446884,0.0225232871169899,0.0483566011516321,0.0359336265983362,0.0464160207302724,0.0421947247137486,0.028494433590521,0.0364925444715992,0.0281453074419144,0.0378772196784405,0.0348945208133641,0.0433492354229273,0.0395862653444291,0.323370004707458,0.125211299819711,0.2275234883061,0.0445139318879332,0.0240222637776755,0.0368602423604343,0.0195609411467386,0.0160042435570901,0.0109218857646674,0.0078496434686107,0.00681676225641918,0.00188194970755601,0.010596404300061,0.0208157911472783,0.0140579757183659,0.0303134694545623,0.0119226766225391,0.0173637651525405,0.0118896304794825,0.00799658358459973,0.0117530535220173,0.0128970898300488,0.0119311009855662,0.0146759092321263,0.0277108443419504,0.0
1992,0.00429196174533597,0.0046200982103544,0.00212643555227082,0.00594301806412037,0.00628911408770914,0.00523893128966167,0.00642897921471076,0.00558217842982313,0.0087212595694489,0.00716852821980874,0.00588368484404827,0.0028460054502006,0.00253353818062751,0.00149172171547749,0.00234491632686998,0.00420191808986896,0.00383097118706014,0.00156891203899668,0.0612026687632488,1.0144605477927,0.00766342546507176,0.00766582910764495,0.0331247530210885,0.0128465769536713,0.003665545932812,0.0048283864868361,0.0039615121482402,0.00435151128247932,0.00304309024253296,0.00128293672609396,0.00258411398830176,0.00210917134874892,0.00256947246614322,0.00225935776800317,0.0015785475817306,0.00213091961164077,0.00170932773852295,0.00192993626191478,0.0021337139794548,0.00273518484138493,0.00265029740606954,0.0157361536684968,0.0058882758938466,0.0102664861648172,0.00260781287635916,0.00196853926914036,0.0032581250346022,0.00145465237107417,0.00137226197286437,0.000984464940719387,0.000656599210923686,0.000609453589315001,0.000155614912408107,0.00109232073814085,0.00250277821985124,0.0013142607905854,0.00315905706676177,0.00128020910113358,0.00211713844554051,0.00141600443771305,0.00075263472377295,0.000783120729766266,0.00124088131020296,0.0014694647997985,0.00147456681134273,0.00236440093673863,0.0
2091,0.15931100133631,0.0565334916915712,0.0163710221386892,0.0371869447077232,0.030457630214549,0.010216316288259,0.0162154167621436,0.0370708485859917,0.0956497762085909,0.0582855163293483,0.0263295548410965,0.0783943480175828,0.111313498050361,0.0298917181669074,0.062617848251122,0.0438120401625626,0.0689771139094141,0.0241865729305639,0.032137233324761,0.100791616455272,1.24233129852547,0.190641021689858,0.113653688303066,0.028976364849201,0.198825335199955,0.0562391369318917,0.0175185458797022,0.0267484162584756,0.0291698060023307,0.00874365792534699,0.0516387863538414,0.0122472918770715,0.0230055616515887,0.0313299846332567,0.0208744787451084,0.0461015395794047,0.0150827057186863,0.00659188332422412,0.018700192133285,0.0184258213763046,0.00786410271142249,0.0136432503752973,0.00583945379873401,0.0104067230019597,0.00405517513129628,0.0105387306169902,0.0142795247442118,0.0072374979585675,0.00432958832549864,0.00341426913342385,0.00184433335759692,0.00148445948939554,0.00111650553784482,0.00280911417080332,0.00409097450003501,0.00392709868339914,0.00520790014660007,0.00558387118872405,0.00160746262998835,0.00272846577714497,0.00247348634711175,0.00257206402736403,0.0073078140779159,0.00860507722688481,0.0052275764779401,0.00800674244661909,0.0
2092,0.075253906775439,0.0300822141325707,0.00482364044534958,0.0860314509569477,0.00538556824733383,0.00582182152460674,0.00973007624533624,0.0204027433377787,0.0436399151206213,0.0314868253091479,0.0102783445578692,0.0364154863359086,0.0188038332776428,0.00662182340493847,0.0113275663967057,0.0297744794812538,0.0207780934230465,0.0383519018689498,0.00760719310399649,0.0397945359615968,0.0192778366704552,1.10416152676193,0.0465906852135811,0.0151885948599616,0.033166234451208,0.0227944996327489,0.00810844029158385,0.00610996709743158,0.010580970723854,0.00438111352574051,0.00734391883924366,0.00516563088632248,0.00851499232682063,0.00726955835587095,0.00668061332682059,0.0142489152073027,0.0121705076782971,0.00279683593021231,0.00832799729400529,0.02160970267256,0.00491749574310584,0.00400549806850224,0.0025199088234961,0.00303357671174872,0.00227792478725221,0.00564233377082357,0.00685304830517923,0.00872032939659444,0.00581735987237534,0.00298719600882714,0.00134863167371891,0.00108933290940124,0.00243509618576611,0.00137341411847884,0.00230289263727309,0.00381431441108307,0.00233107090498713,0.00896121553536501,0.000737488041770693,0.00196365275899753,0.00201687902612912,0.00146488585205188,0.00625159766700845,0.00281624359461237,0.0030125163493335,0.00336811168029011,0.0
2093,0.00341512424746645,0.00209108293326738,0.000469191775225311,0.00268682398915238,0.0014273898059729,0.00175850372327891,0.00174694384883888,0.00215993021291743,0.00259564826257416,0.00265572512854509,0.00226895196461048,0.00232117981300535,0.0026246618198201,0.00175342076693983,0.00188601913990754,0.00237825326996903,0.00259873893333928,0.00218967364925839,0.00143023192612169,0.00262082163469799,0.00422544299012061,0.00746403479125156,1.02586368993316,0.00173193362879509,0.00290398045889732,0.00238466998343711,0.0014308860299874,0.00194220564077701,0.00595059387815626,0.00117331352625645,0.00172113208466681,0.00162427042152432,0.00164567864966752,0.00166978863368419,0.00127226876355996,0.00169480946706204,0.00130550869147175,0.000774730386112255,0.00134483818987397,0.00145270205177328,0.00232151027428615,0.00153076324895087,0.00109515040166198,0.000874071575480136,0.00146788761674255,0.00350332809787621,0.00129003636718437,0.00198505771222365,0.00223976188352572,0.00208650161825763,0.000698077392841295,0.000580693243913616,0.000125961002505482,0.00153386829241691,0.0018793416159396,0.00282779498542866,0.00237440733594385,0.00707306458084102,0.000324195759658179,0.000826995614412713,0.00096622586079062,0.00151244104841958,0.0014198985510552,0.00376124954559585,0.00457921563975529,0.00612579940561797,0.0
2100,0.00207203134303366,0.0211380112084674,0.000810324396672383,0.00147418862936923,0.000769358276977829,0.000307896124850487,0.000338875175417308,0.00748438598964423,0.00131840038763058,0.00218242667364212,0.000583776033744482,0.00145969430574734,0.000769145062832735,0.00109214294107008,0.000976698060953031,0.000693432273002029,0.000577489282249405,0.000400198523551602,0.000476295265619513,0.00150410022643619,0.00139438010526655,0.00308863442679087,0.00177039206024021,1.01702166441073,0.000773273539459827,0.00054781472782288,0.000322761849634836,0.000356022036308302,0.000390320245961744,0.00020134511764041,0.000363255564884469,0.000408723142838672,0.000417064115517565,0.000321770822225176,0.000241787118210993,0.00078752406467366,0.000325962091096987,0.000174063803149816,0.000227674258364314,0.000329474172799073,0.000334191668484325,0.000250552133810581,0.000311054388489648,0.000210910759398047,0.000247117505326573,0.000806724276106969,0.00114475360985783,0.000219762878682831,0.000301178752705126,0.000262921291204695,0.000150893059344252,0.000113369260648965,3.81283809235174e-05,0.000203267851610369,0.000720593820422114,0.000717397101753386,0.000512920230989727,0.000317824935245023,8.43642504362868e-05,0.000507414350137096,0.00109188854025131,0.00121995385836893,0.0187893257056415,0.032029841118683,0.000577333202929902,0.00300772769338187,0.0
2200,0.00734005102938852,0.00969051665026481,0.00410346606703229,0.0146164971972007,0.00566111185015521,0.0119371703633223,0.00932948412167939,0.0251721027634551,0.0100762512911214,0.0428191540767304,0.0613324299691694,0.00609240876440299,0.0117278859170363,0.00894269683483743,0.0261389359051233,0.0175093314707698,0.0157248484768335,0.0472157749160654,0.00473441174826563,0.0103040857945969,0.016990773903622,0.0179237804370608,0.0525973349952125,0.0120487642746877,1.13038850298189,0.0336347605909327,0.0111693425612659,0.00747137646511718,0.0164829836934607,0.0145476738548475,0.0336231809651272,0.0228227586913001,0.0681659187250714,0.0443771982570881,0.0342527822869104,0.0418137640667108,0.0246050678190164,0.00532624955923175,0.0104614952708945,0.0318626597094038,0.0107562873397742,0.0243065987819092,0.00546032313778798,0.0229788426864513,0.00475101049131975,0.00678448895859219,0.0140238302344933,0.00698978584436295,0.00355616251423046,0.00357300867980671,0.00194487985545206,0.00142480216259752,0.000760567753625242,0.00409164394844381,0.00334691470903044,0.00381165373804688,0.0101295976106136,0.00496263652589336,0.00109021901642007,0.00247585434091784,0.00219104358268431,0.00220721592842528,0.00660702001642131,0.00616555879429446,0.00409570637352497,0.0053845824528749,0.0
2300,0.00881389703148169,0.0145128778701198,0.00272544525640438,0.00650546767082704,0.00243211751280559,0.00335997082052699,0.00376324281108747,0.00689473713763182,0.00692738709226149,0.00946738918796005,0.0283844800134696,0.00489610808480805,0.00303705327823962,0.00164245100845771,0.0020163521105912,0.00260120747214956,0.0045400258146455,0.00255452960625651,0.00177148346676278,0.00554546050927697,0.00614104880152854,0.00513683547668675,0.0107912808497723,0.00224890159322524,0.00671376120199626,1.09176658756588,0.00489567102174994,0.00589441633767495,0.00394368636548264,0.00118776863744511,0.00659922087538087,0.00372444742478315,0.0148280205326665,0.00365825174255099,0.00622984575905588,0.00850677052580336,0.00465077336583656,0.0111111155422564,0.0194246937730331,0.0949108596711154,0.00171939628259799,0.0012676722367985,0.00121022990408364,0.0012411447695082,0.00228345483861041,0.0123983338497694,0.00756122550513373,0.00129691267433519,0.00180123652978904,0.00390640037797642,0.00114398202679131,0.000779019372761799,0.00433588669570211,0.000968271468712615,0.00200063878643911,0.0012417456161843,0.00133952810039911,0.00303269331347639,0.000403106281777266,0.00308141823162995,0.00137636314285966,0.00126822938197626,0.00363928090558875,0.00182214383166021,0.00238963138979376,0.00360621131724835,0.0
2491,0.00329284964952676,0.00634156351573481,0.00224018849466365,0.0118945037599248,0.0235025421284655,0.0098469348353835,0.0157769693960647,0.00882011287994681,0.00384397752929048,0.00678273662252741,0.0205749558785012,0.00300245749419652,0.00374626152419235,0.00276396653662796,0.00367072712645382,0.00725449878049933,0.00729581787397438,0.00542021643058363,0.00988125894994511,0.00428097925119438,0.00521518838994099,0.00665533351015453,0.01074038600288,0.00296565975885283,0.0149451329741455,0.0190554556552389,1.11185316409675,0.0223183386401475,0.230075279177848,0.00652762122181938,0.0593396395857464,0.0972858177906987,0.0730528273014187,0.113421840592569,0.0417805946893462,0.0278520775977966,0.0409327960707526,0.00885870716074005,0.00852664145326902,0.0426537852079616,0.00511784676570139,0.00722314942870234,0.00593507231023189,0.00367631437753576,0.00327847764422233,0.00398426752072908,0.00501326214320506,0.00280036988508048,0.00215676911613832,0.00310356652502089,0.00156049561952289,0.000821327235147171,0.000604957934894334,0.00138727892765418,0.00263350890020547,0.00175421774493621,0.00793187903982388,0.00302844156573147,0.00128410055464322,0.00235867500421812,0.00110139635793392,0.0014299664426487,0.00276747721867977,0.00223115056383596,0.00339422351870821,0.00250602206213095,0.0
2492,0.00321565227562144,0.00253415639947329,0.0009020759996948,0.00397625377931437,0.00374264282946944,0.00325145365617914,0.0105096390901549,0.00450835324278805,0.00287994918429901,0.00504155609635899,0.00483743587211131,0.00241441807956323,0.00289284089824222,0.00203278242836255,0.00274205767428478,0.0032420875432188,0.00867940348581401,0.0149550643141345,0.00210208315193003,0.00315956729654742,0.011193910118251,0.00873631147714119,0.00600652739616899,0.00213102344236359,0.00506689508085402,0.00646343977351217,0.0224359986467701,1.18522490900006,0.0332758830861828,0.00499787682101427,0.0923999790286243,0.0249609763062052,0.0228806682982868,0.0651842811824966,0.0340756481886984,0.0323508268283068,0.0314831893825095,0.00456788462063813,0.00456532412994454,0.00894002371443999,0.00312019316288554,0.00360737937576131,0.00375490191459287,0.00159634828783246,0.00197048622327571,0.00224803308164439,0.00214759027336817,0.00279995185278614,0.00153836052716243,0.00177757415950023,0.000945622775543616,0.000579080318289635,0.000339832781633002,0.00116919960411536,0.00133913319218045,0.00152100080752339,0.00210257751454194,0.00162272690103266,0.000608763852412824,0.000919681152384931,0.000575391798485485,0.00108492064386687,0.00152944853644897,0.00228231123132977,0.00301294881290909,0.00191761874272618,0.0
2500,0.0042630850108643,0.00776317747591404,0.00295583463230304,0.008822847952813,0.0140621844304919,0.0166161292347393,0.0193676237802715,0.0174114920054232,0.00514709726702542,0.0141227710576372,0.0685438055883944,0.00426117358581513,0.00481778750252445,0.00367560941719973,0.00494905125456762,0.0159050214546528,0.00633891909212085,0.00649690188648549,0.00743264738580392,0.00616494646471112,0.00735207287274278,0.0143571758775557,0.0288516622429297,0.00459027235900345,0.00727165921571572,0.0083883072768504,0.031070730883594,0.0122350059884576,1.08874373869369,0.0130561620369479,0.0390868952127438,0.052530110910676,0.033969154663817,0.0353026184872645,0.059331348784966,0.0214835762311582,0.0500784165506327,0.0166855053907078,0.0123182255326949,0.0439165440333368,0.00371652831605287,0.00435834260121551,0.00639004388047514,0.00334306070265729,0.00330437901582943,0.00644163536660515,0.0120379448416129,0.0029465099213467,0.00250350382154264,0.00322765555587455,0.00148826108660689,0.000859990646172668,0.000888555286820672,0.0013123948801187,0.00234155948669166,0.00183139019712081,0.00282615164657771,0.00411253456255719,0.00270737534841721,0.00309938565920485,0.00125409955210428,0.00129856580589771,0.00361960202413031,0.00239179289067226,0.00299906049242745,0.003327309181475,0.0
2600,0.000434161704536595,0.00052825052970903,0.000268106665353565,0.00134334400810498,0.00228691932442266,0.00191595586996319,0.0020265128305178,0.000923234761268391,0.000735584056702666,0.000879036921736874,0.00132413444551412,0.000730015800207491,0.000796787537112157,0.00075809854345365,0.000950342648530421,0.00103195292259619,0.00119384096106822,0.0145624870303268,0.00105142627608159,0.000792683771532896,0.000782019920480744,0.000906856515054179,0.00103789481693624,0.000958134372926022,0.00100590461508419,0.00132096069757898,0.00164750380124169,0.00135949638786457,0.00116952529068584,1.12260702774271,0.00875965657890835,0.00690831363377938,0.00301026796887637,0.00340723606078444,0.00268034140638068,0.00170477192652295,0.0111499545437817,0.0025936709890154,0.000981490172219149,0.00182126962950476,0.00104319926532401,0.000910080004294888,0.00176381289430645,0.0010986149983303,0.00238446413475251,0.000871525532547309,0.00057427131257845,0.00206573867611628,0.00518786867767889,0.00229351348006384,0.00959992760038464,0.00114338737852468,0.000139710668389911,0.00153908841420092,0.00861589826396891,0.00373169409148632,0.00141294274667209,0.00402631549954515,0.00160445995694625,0.00132112211037665,0.00145579138831541,0.00110380411769783,0.00120711985790458,0.00115693048617994,0.00167450539575062,0.00357053417742913,0.0
2700,0.00195865123150142,0.00289665460209852,0.00116084974067991,0.00548282151915313,0.00387713073616966,0.00427421543012779,0.00580246881608899,0.00309484529500444,0.00259616676927962,0.00291046559010855,0.00351720817779887,0.00196530919496757,0.00332571249875799,0.00185355819760704,0.00226355479900056,0.00457945823142141,0.00432254456086561,0.00478892673471742,0.00208529142375416,0.00275176372190121,0.00345896000271533,0.00272502142974451,0.00289986484815121,0.00198856681357121,0.00370212134992005,0.00634823482359384,0.00646893663929266,0.0085327156832433,0.00516960899010895,0.0221745174142586,1.09777049849408,0.0234399898731021,0.0117692664989258,0.0146935915851225,0.0115790575368719,0.00606683155976871,0.0348459809716118,0.0319972777279222,0.00621075729890659,0.0167095379123434,0.00290530492369294,0.00445019794477033,0.00554384037034291,0.00204488486561476,0.00310258599298769,0.00414624236263575,0.00185398230400072,0.00271195022843692,0.00330781312511628,0.00687881900094465,0.00153644592444295,0.000911364134102026,0.00091875064259486,0.00298888948308387,0.0022833426684782,0.00222035117804731,0.00239883862522445,0.00453467337177062,0.000774994907406849,0.00141276928267205,0.000896148758538599,0.00136250853352081,0.0017089841135035,0.00131079874134181,0.00375402246512367,0.00548936645960306,0.0
2800,0.00126042835495999,0.00155472789365278,0.000899946595879618,0.0105465629363548,0.0148993458614724,0.0354301624440382,0.0377831925626939,0.00252336050877451,0.00230803910439836,0.00229903508761927,0.00429391431738906,0.00137982069424193,0.00190265251275081,0.00149020328313719,0.00198916639839557,0.005208366824842,0.00459354616108707,0.00664868306074468,0.00638177553203434,0.00292782040866086,0.00260840522417999,0.00254862045867919,0.00296883665914465,0.00195027512620689,0.00318583715269971,0.00561128734902664,0.0124436182699058,0.00825229682027558,0.00755255780221636,0.00319004894077666,0.01085148222623,1.09312573717136,0.0117400682668021,0.00612262279343231,0.0113380605439395,0.00369363004290135,0.0836205236536033,0.0034020428004648,0.00354217912362791,0.00907888384371314,0.0019604178251491,0.00306337294455913,0.0119763164834747,0.00376374310570889,0.00395182743582799,0.00154395359470495,0.00148554714365536,0.00348295443717039,0.0014946821976844,0.00217017076302411,0.00144536303033108,0.000639213647950613,0.000213898377979514,0.000977724282359094,0.00153756380446473,0.00130666204449275,0.00273801739857378,0.00704490420516737,0.000889819384039365,0.00105294478858583,0.000624733396106649,0.000654145764061084,0.00224230785287505,0.00105492756801649,0.00220686815404723,0.00158088461772686,0.0
2991,0.000322020114358048,0.000410841213753179,0.000167762876990972,0.000460229212336873,0.000404545454963165,0.000586819190394726,0.000622342191534901,0.000643602665631057,0.00138102200706961,0.000611940079730878,0.000616848547184714,0.000399305584342221,0.000462100263117949,0.000417605895577922,0.000495133216673629,0.000563824319716441,0.000572554853733915,0.000435556249545816,0.000303147134841932,0.000442119069553877,0.000431530229851984,0.000796219020387412,0.000587122319113786,0.00043974909732809,0.00050906102985579,0.000619007199055451,0.000612989768048384,0.00065848697520953,0.000589788780087728,0.000778519550631308,0.00231508861008656,0.00137340249417542,1.03611708902644,0.00233773266426754,0.00170002361285924,0.000545332363628442,0.0015156395215745,0.000819322402441729,0.000290875181381837,0.000722231460120904,0.000641091145571789,0.00225330030153012,0.000384594570048754,0.000201347558063863,0.00025539633920119,0.000295216010015467,0.000401595613362758,0.000356279849945581,0.000230053321996906,0.000288389195659669,0.000125198597742699,7.11456019410552e-05,3.94539443563142e-05,0.00013950718154124,0.000721231126156654,0.000214860695648516,0.000272199030337947,0.000228807011808314,7.28655429711352e-05,0.00016666556966083,0.000101865573761682,0.000122553646988552,0.000210727183163034,0.000243107986591194,0.000236575765645828,0.000251554942379732,0.0
2992,0.0026833677178926,0.00354237917256581,0.00164941217750502,0.00386216565638052,0.00410871554857615,0.00461188545743597,0.00512705497354537,0.00640973876496709,0.00468417635564664,0.00632147388527281,0.00660558463890773,0.00317958567295126,0.00407372995555158,0.00359178268693046,0.00455037777110069,0.00528354337540134,0.0052635152291021,0.00392638409856732,0.00296861541022277,0.00439908885090997,0.00396200312720939,0.00422168632242179,0.00549994438098147,0.00354954619308596,0.00485781195318682,0.0052229462663382,0.00598824569089486,0.00522420512891659,0.00661224087491477,0.00517539940760335,0.00921861523453745,0.00936884534171855,0.253323723880532,1.11909631633962,0.00726056469912631,0.00469041815872858,0.00849318689671031,0.0034822665331024,0.00200939702461367,0.00476412844490939,0.0161158008902014,0.0346585423148062,0.00382131135414066,0.00203945152102245,0.00251203773216519,0.00236242585966538,0.00380326141383222,0.00304278332673399,0.00188914829698801,0.00173531570168716,0.000921778348844874,0.000597825433515262,0.000238340505225019,0.000969562745189023,0.00263519218657535,0.00174578844527776,0.0051190862712726,0.00151774925171602,0.000649629391792732,0.00252383830739255,0.00155165619592453,0.00110658021807343,0.00230566202508676,0.00196359570929,0.00176293553707547,0.00202066619033638,0.0
3000,0.000171507578306176,0.00021793918749622,0.000123704800253579,0.000637938243503417,0.000501084570609966,0.000635911088128554,0.000809963023831081,0.000448733091059139,0.000370380250343955,0.000424118138001814,0.000761758094873009,0.000239103156822505,0.000238155411058236,0.000220814566433585,0.00030226587270277,0.000565702208227775,0.000611094660651092,0.000719949413481487,0.000299622244936557,0.000414343515506958,0.000359176376943011,0.000367427823544237,0.000523803360805417,0.00040710164124122,0.000399369137684201,0.000656961822030498,0.0012075024102359,0.000688119156671468,0.00122247358275919,0.00026877574093932,0.000781289663567213,0.0010537682070347,0.00211809314178059,0.00144252462228334,1.07694612214211,0.000493041998285377,0.00602659606542306,0.000360419955579621,0.000321333953740012,0.000538451486433816,0.000342891677593842,0.00194273212328704,0.00108340563006733,0.000342500585747863,0.000408603551351783,0.000162718593744773,0.000250110061497758,0.000411996316126852,0.000165929012528528,0.000155727761092546,0.000158406729028175,5.40792767564025e-05,2.02573727956638e-05,0.000102381071953893,0.000612805114706392,0.000147009893268519,0.000351153865079315,0.000147679193184609,9.98912796260644e-05,0.000469325310722385,7.0724256795517e-05,7.50693958141149e-05,0.000178397934806786,0.000134115747161053,0.000239897965736254,0.000304114359522928,0.0
3180,0.000506737470014214,0.000617938587797097,0.000446511290615014,0.00116885443816691,0.00101548485511282,0.00120022281949103,0.00113441470321062,0.000962671897291183,0.0007097210169274,0.0011402948630789,0.00213406406190558,0.000538307056315286,0.00195213414331666,0.0139562817060306,0.00518370019917234,0.00169877350513881,0.000850932654942492,0.00120428377679007,0.00062108629047043,0.000638878606643356,0.00112721839428211,0.00144931635462132,0.00155831978206939,0.00115906907172992,0.00209668474303472,0.00218807828744257,0.00104640471838025,0.000733715405766841,0.00158547929981133,0.00112280979085559,0.0014205607454818,0.0038974329701584,0.00359642314712544,0.00607621041636,0.00198846385944176,1.01824352475334,0.0027943326551575,0.000842523747887767,0.00100674746391558,0.00233906064232122,0.000795788256127245,0.000840229950173793,0.00348017596927461,0.000741311222677626,0.00141706605829387,0.000951122512535043,0.000658551120274382,0.00073781799181925,0.00166168509416497,0.000583904467586438,0.000586484609894211,0.000441143053763019,0.000228618793565869,0.00100322872693472,0.00376456225270526,0.00259760351698564,0.00606606544422748,0.000883324088559893,0.000504922042008439,0.00108337195308987,0.00180816663530415,0.000430572289419243,0.00790317776768518,0.0303564135347506,0.00289911797192607,0.000942747384583032,0.0
3300,0.004806546609389,0.00511130025696057,0.00423074994783797,0.0405736940754807,0.0206532828728052,0.0241482847745461,0.0428366668684502,0.0107736210586772,0.0137484006549715,0.00890539911379307,0.013889652645147,0.00608249288443012,0.00777954623543089,0.0076920921801923,0.00925160098801568,0.026722715387422,0.0358646145262284,0.0549824732039063,0.0121683363682786,0.0197634809788531,0.0135603635489451,0.0128582032017816,0.0116978742989933,0.0121986087434412,0.0117395574078014,0.0382051229690629,0.0700410074165256,0.0386862095818534,0.0265587396519091,0.004596605840311,0.0166946121709619,0.0227447695862602,0.0130725473064284,0.0199335592052034,0.0187390554407465,0.0174503889187415,1.02135522944539,0.0133255035857579,0.0179723340164913,0.0129254959864916,0.00766199181945752,0.0100141946893889,0.0881231068765909,0.0246825428480461,0.0267158832261039,0.00438722527006658,0.00566140689403033,0.028968427968496,0.00818410010829703,0.00610911171433868,0.00910872970742827,0.00237301887657812,0.000782092786581991,0.00572902229585821,0.0052483135394702,0.00747538550043042,0.0218148647347184,0.00621154014913918,0.00637513922957415,0.0035438083398122,0.00196020275641053,0.00226225462099166,0.00848169888614903,0.00518219127539501,0.0158095673901996,0.00740012708567679,0.0
3500,0.0492975851166279,0.0645638265495092,0.0245575248414968,0.0722664097716073,0.0124658223010581,0.0335390392706015,0.0537406972234471,0.0457231026279934,0.0356747810592724,0.0439146724431126,0.0360889004545457,0.0359946180344342,0.0667587432471444,0.0257217647756004,0.0305051847933746,0.0683719406945004,0.0537013978397494,0.0247143445277211,0.0105171286726123,0.0351530981937848,0.0625676839514939,0.033903592691422,0.0294638691278178,0.0176434315761333,0.0564462554316548,0.0948000056379921,0.0691992207227548,0.0910698412365747,0.046283354453876,0.0126209804351125,0.0366129055413298,0.0278358634268538,0.0315195571005666,0.0470257542106993,0.0260073658176248,0.0292822039298162,0.0207676567373878,1.53036208542093,0.0755902473611803,0.0216156710109586,0.0332961629442338,0.0151895513758601,0.0118292124675514,0.0104997005371784,0.0206657119986346,0.0897253660115994,0.0261827676344631,0.0197415752075645,0.0260426246681096,0.0299762147092009,0.0117976761525188,0.0108926858753678,0.00314567136063159,0.0137394429148322,0.0131979971039725,0.0168294194762076,0.0122925789511366,0.0488506884732974,0.00659464297070493,0.0172258017458859,0.012961719550286,0.0283250290244501,0.0187677239367503,0.0177875887720856,0.0467245853427995,0.0364630921417256,0.0
3680,0.00227733551607117,0.00206446700882209,0.000817846450272604,0.00456216443575696,0.00261842758639453,0.00525415211210369,0.00599686967477502,0.00362709900797369,0.00366226442041789,0.00416838419867761,0.0110043212970587,0.00254543349834716,0.0037866643233705,0.00241424834847978,0.00311300133441817,0.0115957336579561,0.00589772958775069,0.00278186949382062,0.00313079898220379,0.00325303533430731,0.00711450021869279,0.00928858221103772,0.00657675095962494,0.00348257988739561,0.00709644101671932,0.0102048984238588,0.0289235932562642,0.0316337453463596,0.0102712345125066,0.00227039449432037,0.0069161672229857,0.00601581357320353,0.00638417718819932,0.00939341365117578,0.00550620167253797,0.00521227860144562,0.00396993150445644,0.00221484878259977,1.01490462268675,0.00410961015746943,0.00584434902590572,0.00316150749819649,0.00263101130843936,0.00287658500797717,0.00806926694293649,0.019369212166628,0.00736921166865439,0.00342869407973246,0.00407952295137412,0.00466428008877757,0.00258577866280593,0.00246580039981495,0.00100304838984764,0.00424611190706613,0.00261117868906418,0.00282756950970135,0.0027259671125896,0.0246501625949066,0.00158375766336766,0.0141376857964888,0.0053876044869444,0.00350718567268852,0.0102192686215761,0.0103260301865356,0.00519645603135502,0.0153491553711077,0.0
4180,0.00165438295795331,0.00284727290837267,0.00112346310503905,0.00276311419102103,0.0128690452921289,0.0266074471448934,0.0216813593844491,0.00298412876203239,0.00275409808945505,0.00276940867082527,0.00381068447913336,0.00212350244545575,0.00246063658131865,0.00179776724010717,0.00205658290986098,0.00257287749571807,0.0031560838351112,0.00350849822401636,0.00553319829612894,0.00300723347605155,0.00313918194459605,0.00305581437662654,0.00283459037041477,0.00234306947757552,0.00251671044172062,0.003537299695265,0.00848189425270395,0.0414613389526611,0.00512267180490476,0.00299550201397369,0.00583698769743557,0.00412615833282496,0.00557394426894916,0.00552782764672691,0.00843615317636741,0.00331696108394334,0.00288451220150683,0.00209312104028413,0.0671343228778278,1.11446310557629,0.00382108635469746,0.00373940679082434,0.00419506765744546,0.00478764708902736,0.0156962804466252,0.0150330259011472,0.0041879626178869,0.00277764727940596,0.00922503879067209,0.0360164034997859,0.00784092313291535,0.00433671067119654,0.00377969924557871,0.00347499789547999,0.0141089464826477,0.00516325170626155,0.00636994703315597,0.0169224735855204,0.00139795548245301,0.0222721158451934,0.00563657748521806,0.00516985299432155,0.0215707539711343,0.00206244872994053,0.00656969620575302,0.00577209387572115,0.0
4580,0.0829537913400734,0.117492503500562,0.040399351410194,0.076347651500645,0.0536360999661453,0.0817992242581519,0.0923513426635312,0.181761017944605,0.0760770024764131,0.154432091498691,0.122964055600192,0.110479806045766,0.135720861021314,0.138114980612293,0.147306761138661,0.128425789834303,0.143893433846123,0.123230619055297,0.0538312939779154,0.0960645136640491,0.0946699074574735,0.119414038940995,0.137499813137229,0.0912451757542637,0.137116032876493,0.137932456850796,0.119902527599452,0.163916594461436,0.132776048460564,0.132752747929769,0.166115612003538,0.177695105729818,0.176052092978381,0.147690405528664,0.110546960386193,0.14364036622475,0.145687976057309,0.0448161195319794,0.0491867733559263,0.106796858738508,1.04695536488469,0.0893462268866033,0.0526704103079442,0.046203142701894,0.0316591703133547,0.0584802616007083,0.122063470978624,0.106878240193956,0.0505092258181495,0.0506197962485309,0.0258992061335142,0.0142037175930289,0.0060900707363877,0.0214974058517577,0.039820437876286,0.0596654552530588,0.0575856106925929,0.034131504566891,0.0170393511928399,0.0214720981470585,0.0229958662677512,0.0211345226421044,0.0588065691296256,0.0880843035511788,0.0332365922850608,0.0474536735453051,0.0
4900,0.0413128814629253,0.0490730008583356,0.0309219935705077,0.0687195116811464,0.0777724003433714,0.0593848831139487,0.0708028908020881,0.10625197749022,0.101430317581064,0.117354205761153,0.0980878645415885,0.0431877457935705,0.055504617067994,0.0439639420433486,0.065972057673198,0.0914515679217818,0.0901191781138789,0.039248937317666,0.0578191072958259,0.0891952482716033,0.0724953725388134,0.0620304571369421,0.0842198317142785,0.0623384403077272,0.0664101402014463,0.0796769644141037,0.097794641184924,0.0608063234070475,0.075448019274639,0.0408253800418973,0.0568180490468772,0.0558867757459149,0.0693744130709313,0.0595664848808566,0.043959305946484,0.0530349849230906,0.0329961015970926,0.0353460000722777,0.0194022239180475,0.0354473033167732,0.04958603881917,1.13549886073179,0.0757144422905774,0.0293160538147884,0.0530389820309885,0.0292879724671203,0.0516294574952904,0.0375607960527764,0.0252235514341063,0.0140055955657277,0.00984056186021671,0.00811699889599693,0.00211761734349297,0.0113843933732317,0.0250969494858558,0.0193259965636983,0.0222991181181316,0.0126706122674613,0.00787431955184874,0.0121515080552036,0.0132923952731771,0.0168792730627649,0.0211037825829151,0.0159545841032437,0.0170372984470767,0.0295553548699311,0.0
5000,0.00321218860757801,0.00377183574416125,0.00231261603432458,0.00531631781337173,0.00594005407052069,0.00418440194723898,0.00501942678855989,0.00821992703052248,0.00791410654737963,0.00909473693040506,0.00691648578619369,0.00320222799214394,0.00434385284759034,0.0032438093214802,0.00495242703885004,0.00493916232147637,0.00698208476320081,0.0030125319391213,0.00445296097356769,0.00688228244295081,0.00559259716907045,0.00464346794122861,0.00627342364478462,0.00447170734737664,0.00498111760318014,0.00587969323542922,0.0075557791053368,0.00471434890911034,0.00560036778512106,0.00302644073890018,0.00425427585932459,0.00398806278436665,0.00506264300387843,0.00434758333696283,0.00333345110027049,0.00392885010650368,0.0024170663356411,0.00257973998460428,0.0014510387310158,0.00265304312405038,0.00376689607232856,0.0106844470892996,1.00583170523873,0.00207960374729344,0.00404003988223762,0.00213525363851753,0.00395288656298896,0.00255256619348646,0.00119608062953133,0.00080291704699795,0.000528574888243139,0.000403336996319813,0.000137947626437424,0.000677361745832904,0.00112794285515536,0.00100693404970568,0.00148950587295096,0.000838364706589702,0.000504998710369415,0.000665318434649712,0.000546237134706357,0.000572318303590446,0.00124237931918926,0.00121284196266543,0.00104378154832644,0.00141613972466246,0.0
5100,0.00149388838664238,0.0014833419449017,0.000707496712820217,0.00211373424660205,0.0119804592301705,0.00198426341906733,0.00364532050368885,0.00317529863588079,0.00198024701402372,0.00288650476520297,0.0030450098904806,0.00315776343785122,0.00215153938974027,0.00184506928763043,0.00301544822642989,0.00342741203617668,0.00301710269076269,0.00232098746437543,0.0050108947376808,0.00197477151465419,0.00353183458373603,0.00555738058424965,0.00251059125505013,0.00344600496231031,0.00236723857012469,0.00343589109029455,0.00259640766495176,0.00212434019405019,0.00234440257833083,0.00420155785811595,0.00395430737585037,0.00321062496775714,0.00359899842230945,0.00276529943654842,0.0025591891660238,0.00206915326875418,0.00241921900597639,0.0039187562563479,0.00172712901860234,0.0032287587468839,0.00396018926576711,0.00271297041488186,0.00583529243117277,1.0025143203019,0.00725130576291488,0.00396235736086658,0.00159489559842403,0.00238558723324982,0.00575586129189925,0.00347650232309248,0.00530167997422035,0.00445045239480707,0.000364161210599985,0.00499247773510869,0.0052732328470726,0.00837584334946472,0.00292691595898479,0.00232757675782401,0.0011918854217957,0.00215102815405684,0.00131420370009355,0.0142390422711606,0.00297141947036174,0.00127791298185332,0.00348057810801175,0.0402771843465317,0.0
5280,0.009516508372954,0.00852003795943622,0.00991842884884606,0.00971330136761061,0.0257362844644897,0.0367438073919257,0.0329607581489844,0.0243793591954306,0.039360881479288,0.0251937807204662,0.0407849764749171,0.0105343754409166,0.0114503442387026,0.00833505314472265,0.01354068694281,0.0185603833056956,0.0261112708054563,0.0154548284504921,0.0166274665176755,0.0285949276008461,0.0150071202467064,0.0203253413828626,0.0210188025839839,0.0164202693701442,0.0118397087818135,0.0141711933021573,0.0360901050622285,0.0122529471788009,0.0231943801514621,0.0141533258905957,0.0221833326917185,0.012988252804847,0.0347187559083689,0.0182212669593722,0.0166439837932953,0.0136572373825678,0.0103964264530647,0.00873295452855941,0.0041697388214731,0.00848210960445196,0.019257270757819,0.0345312581256126,0.110406681216771,0.105279381314627,1.04394204238878,0.00823362442989893,0.011554171343229,0.0094117592469117,0.0068310788808102,0.00802919876986855,0.0036371084807633,0.00934037321807931,0.00106410614614068,0.00573000974382567,0.00722675302641122,0.00812572110971122,0.00893444444435559,0.00605409593141865,0.00350765404071154,0.00719647441292096,0.00269449434619124,0.00708562636395834,0.0058550577515264,0.00521371752121382,0.0053657739611341,0.016729890212763,0.0
5500,0.000603835682876536,0.000712514305282999,0.000333075592169623,0.00126419508611537,0.00162962245381714,0.00144232840414128,0.00149032258695961,0.0018188680121548,0.00108018967433267,0.00161399104325386,0.00165827876650345,0.00199034595156317,0.00110127133462783,0.000938181853144572,0.00137335773538753,0.00101611358342725,0.0015074064884124,0.00108288934947735,0.000926474229508006,0.0010179863069554,0.00130692402062565,0.00217449943277863,0.00164631030119114,0.00262932412155217,0.0015608549082164,0.00163438546773679,0.00194544359379627,0.00142744307681503,0.00217823847281503,0.00189802829036051,0.00207931010848556,0.00266064113628809,0.00172763586020569,0.00165082806448516,0.00189547595427026,0.00190187841964002,0.00149205581204359,0.00138653022990781,0.000678335559265279,0.00204550108596544,0.0023590543768973,0.00106079368441243,0.000819213186132618,0.00173240354853619,0.00184810822734914,1.00075051095782,0.000822740482423842,0.00299663283527748,0.00350789024095976,0.00164899206795553,0.00281564021892821,0.00156558302974175,0.000179591278851708,0.00143100622263593,0.00331863739137416,0.00269616776828238,0.0025555158199585,0.000963927958785368,0.00091421595152794,0.00338667973725598,0.00104008381399511,0.00211683015725238,0.00267907897329728,0.000735290892838366,0.0027986580019024,0.0240347346874413,0.0
5600,0.000860688177147818,0.000968960778590108,0.000505532966733312,0.00164924615924628,0.00279053369801913,0.00137994478469192,0.00176921567358269,0.001489524473109,0.0012769311895586,0.00193032480022325,0.00216110008953444,0.00154395076082283,0.00128836798431663,0.00101252435506698,0.00127730768370279,0.00122703670663848,0.00150427708160154,0.00178466123896302,0.0015009651958494,0.00131167875073261,0.00189233131847546,0.00318643695639866,0.00176804997390188,0.00548446677072284,0.0014738058393556,0.00160154979633666,0.00153794110320012,0.00217602332573857,0.00160037810811936,0.0013308597196523,0.00151655442520817,0.00211424497319155,0.00382313642790974,0.00139877416866458,0.0010396153826666,0.00108735239114774,0.00216825906586349,0.00270589580618471,0.000948430426702457,0.000928533269856346,0.00205817340069415,0.00116343458898806,0.00141940821551882,0.0192347072822391,0.0020521889059316,0.0112506498281708,1.00106898466359,0.00161071182660474,0.0199066602126645,0.00401252776977427,0.00162593495703787,0.00578793606800962,0.000411814545369772,0.00713460535306525,0.00144615885490864,0.0092853023497812,0.00147998322792523,0.0069627314350561,0.000832639878175796,0.0129509689891055,0.00579532888262556,0.0029687388565863,0.0232087443402688,0.01619234952327,0.00307693064175347,0.0493203800710061,0.0
5800,0.000361496382218317,0.000402807605504669,0.000198398655152909,0.000455015998081888,0.000428728550697916,0.000380652282993161,0.000417755233432466,0.0006849164123627,0.000490727708089911,0.000709047672496434,0.00181623453437995,0.000726095210979291,0.000463902124731418,0.000434438025841685,0.000778897942959565,0.00045367392941809,0.000649932057939629,0.00280702017651057,0.000334009542579207,0.000490344964018881,0.00125928404576545,0.000722596750126417,0.000995868669895835,0.000913070077109145,0.000626978664111277,0.000571656217908317,0.0004650828166638,0.000451095272790717,0.000507279016621184,0.000725138159608521,0.000620861671524849,0.000495446479089254,0.00091249741711162,0.000481773794759917,0.000433319011744859,0.000478645686783206,0.000545855247799918,0.00104023256716417,0.000388379315316211,0.000355339841190251,0.00103789162644364,0.000388324243644401,0.000383288874483086,0.000461813411145774,0.000542505555401776,0.00244182690588162,0.000522139577605052,1.00472699031695,0.00171443969878216,0.00165371545550078,0.000637874067139443,0.00257509195098008,0.000215774065291489,0.00193877072951597,0.00229168745158696,0.0170396119837571,0.00108749211722552,0.000678726347550944,0.000306808287524159,0.00137350317707207,0.00637008125551505,0.00927740552551553,0.000496563335759585,0.000744507677158642,0.00137972995806137,0.00130764775886933,0.0
5980,0.0016931706156201,0.00358025150112597,0.00191409256755504,0.00313507354472068,0.00342555017720337,0.00217405503940521,0.00232074230175805,0.00719071287071585,0.00326443143832632,0.00765739056808251,0.0284892007483251,0.00771502932204647,0.0029634658963513,0.00427692690245517,0.0103671017389707,0.00303147960234969,0.00487882297003873,0.00371211128357073,0.00243610212087847,0.00331581886791052,0.00252488045432752,0.00519425045903956,0.0126752411190054,0.0123129249755492,0.0043735100242169,0.00428072605390986,0.00316188065815098,0.00274323447311498,0.00454408896142273,0.00785016138060213,0.00610230410876674,0.00409916711615636,0.0122949653994594,0.00366534293073555,0.00443934759506043,0.00448144770099143,0.0029653094086147,0.00770516375921249,0.00260441561917055,0.00304258218808994,0.00780625049385117,0.00279588327062887,0.00271165153719686,0.00383552501820599,0.0052370316160746,0.00727676648444555,0.00584033016063221,0.0163753396122755,1.15025006409527,0.0441998445270916,0.00621953764794595,0.00751267604310093,0.00094895777419798,0.00885182944558192,0.00422101991354704,0.358070029914805,0.00928115700215418,0.00418167959017405,0.00275777618425766,0.00328374435841208,0.00155217556723946,0.00834718814126981,0.00364080091735132,0.00205964365188408,0.0184185301005718,0.00591361237199712,0.0
6100,0.0027519010725817,0.00356995830249918,0.0017312661781489,0.00551212584615017,0.0073108194167428,0.0048466586949331,0.00535033968428427,0.00866974094000053,0.00696166008833501,0.0103340117680571,0.0128823186062111,0.00548776766054849,0.0081697786134138,0.0128107353565767,0.00951294776633239,0.00760619546052784,0.0091337120318942,0.0196709578415567,0.00507107009053036,0.00720582967773508,0.00567620338793627,0.00839379069393194,0.00648310829377745,0.00831591622118225,0.00787649294922416,0.0103950505235142,0.00584294673114916,0.00528915928816131,0.00835073680377585,0.0143076656245209,0.0111719195033231,0.00841108152327723,0.0171785751714443,0.019952651367422,0.00775588576317574,0.0107897491376347,0.0055565104914036,0.00569331462731232,0.00500841859685702,0.00543396918884287,0.0101600746555417,0.00654899323400324,0.00500635564912616,0.00518166556213004,0.0100298333403744,0.0134644938763306,0.0070968351768552,0.0100852118280241,0.0145644524147309,1.14852113410634,0.012033041982576,0.0151796412133295,0.00162780680236512,0.0134046135546539,0.0080978784312796,0.0302315232286279,0.00531290141096864,0.00897322810849095,0.00729759900409959,0.00943195537589496,0.00433438596016655,0.010430819315358,0.00491032664686111,0.00650405255830493,0.00897435109061597,0.0121534773770628,0.0
6280,0.00366440586017323,0.00473827234334066,0.00217638128408916,0.00527726673579727,0.00497564076926682,0.00821546229470407,0.0068359674558529,0.00962341107408087,0.00562052135991151,0.0105266184908851,0.0136351706970724,0.0088553028272757,0.00561341702322135,0.00541274478283153,0.00719329456682979,0.00558614250173802,0.00874341928498805,0.00495057048064519,0.00390219166645121,0.00542679894160135,0.0075189153674118,0.00982349536317216,0.00904257082454362,0.0137067836561936,0.00723927001335113,0.00742524897111262,0.00743537370637161,0.00593434928420547,0.00692970551336866,0.00820902022057878,0.0114931015629375,0.0072624866039235,0.014043135372667,0.0070863635069355,0.0061599709744462,0.00687143828530169,0.00569467148777472,0.0125696968538648,0.00810159336186633,0.00498410742035259,0.013128304777197,0.00699317828500228,0.00495903550977065,0.0232425731193442,0.0150842934895721,0.00847417644596996,0.0055557218149286,0.034182824594012,0.0399791800708847,0.0296223707905157,1.07368201593991,0.0315156728518416,0.00210259609866742,0.0179897439380799,0.0052916040059596,0.095268968525214,0.0143523764463276,0.00791777009971583,0.00704941359722785,0.0178759205142999,0.00584500461779298,0.00803636745991237,0.0143520663514308,0.00346640360046884,0.0114535846110572,0.0141966490595741,0.0
6480,0.0332196241221915,0.0348198318295329,0.0234916296576718,0.0549459104523499,0.0348542587884088,0.0370800156716571,0.0540388925998683,0.0540964288082687,0.0657803406785927,0.0487184302562384,0.0484143103867163,0.0486757904265569,0.0401350859819095,0.03595335946819,0.0433552398222174,0.0409326605824556,0.0502888747415542,0.0374827607490754,0.0331848069774498,0.0546612884930382,0.0473831227449988,0.0422713351930145,0.0466673570050938,0.0339012158134479,0.041565900874819,0.0522663524888658,0.0469625841887694,0.0439162104427903,0.0411110341282385,0.0372948759547653,0.0431357632373763,0.0400138045510847,0.0473111104216515,0.0375700814296438,0.0384058629359253,0.0336707483221575,0.026459685957986,0.0502240897356672,0.030763393121118,0.0338151995770387,0.0396444927083072,0.0448647631131289,0.046990205511126,0.0573110851106469,0.0411807591800539,0.042609474042991,0.0322227816854679,0.0424395894956198,0.0467284239054721,0.0723252848627444,0.0277016301755981,1.16240964467847,0.0386620986778654,0.0310692290969208,0.032186853018155,0.0339983494896149,0.0399165689193715,0.0323760834078579,0.0295903442223296,0.079512296836566,0.00800869102621461,0.0259731943588753,0.0128375716292472,0.0316481884044584,0.0426256507574555,0.0323995429019544,0.0
6800,0.00420968747355837,0.00551873248953919,0.00242079329202932,0.00655796901000816,0.00704010906257133,0.00618921126786938,0.00693452225689328,0.0109867646910737,0.00760555032095524,0.00967673359152317,0.00980610496028061,0.00778366018430379,0.0117107215205892,0.0117795420863501,0.00947146186872064,0.00760100040594154,0.00912605400053814,0.00804459233204868,0.00550311898629189,0.00916620617403945,0.00665493776235285,0.00874611904420961,0.0113204211881092,0.00993750056804143,0.010271960774249,0.00965233957626234,0.0088924107796268,0.00775994716646577,0.00947666584733976,0.00843668331076089,0.00949263881699669,0.00961465991244719,0.0102401869591992,0.00943634600010714,0.00683485964316418,0.00942452564649241,0.00707226317740991,0.00888843558848039,0.0069400175034388,0.00695166091726349,0.0329088377286712,0.00839241664338409,0.00860143576709153,0.00852877130057942,0.0223654095906023,0.0426366372236856,0.0216936002816062,0.0150264421361838,0.0222994397820418,0.0196497737233216,0.0126193140667672,0.011246083606184,1.00321398203564,0.0224934680281047,0.0139883083306512,0.0193148266212006,0.0184284927645043,0.0137698779783589,0.00749623105661542,0.00608767714485614,0.00349705901407113,0.0315476200065495,0.00629875450011992,0.0125722877401,0.0844667190355653,0.0242156687051305,0.0
6980,0.0177176358206636,0.0179687227190439,0.00716628415121304,0.0491966614833996,0.0662057661163422,0.0483396938168974,0.0349000887613638,0.03936195410812,0.0293624347756096,0.0478604115465319,0.0536689626784502,0.0725719242151621,0.0234325217295994,0.0185686718761911,0.0232495210929016,0.0274388803476811,0.0457805338529258,0.0201578383008561,0.0508580352553709,0.0332907935537394,0.0436282099360652,0.0928092194217617,0.0643095443765673,0.0934244286830494,0.0379733683771498,0.0520382640295883,0.0307624552923335,0.0274207640038822,0.0270645316480237,0.04660588489665,0.0443473282783925,0.0312011052457629,0.0355815713634834,0.0299365253092682,0.0188958587558836,0.0220821093627352,0.0247726962709465,0.0173171432553877,0.0267699589900608,0.0239975097229563,0.0371090359163465,0.025636040175585,0.0196093858847069,0.0283783473329819,0.0285988110230708,0.0224538340249739,0.0214654948794393,0.0372569837622374,0.093819665057849,0.0381342757760486,0.0252533398428506,0.0337400098605687,0.00672567863286007,1.07417705288945,0.0862859414729992,0.0405234752544975,0.030157188625562,0.025824973694638,0.040626244063773,0.0141036196509514,0.00521703621711559,0.0248672121751969,0.0115210705736823,0.0238570903792292,0.0385830673302972,0.0309732381957445,0.0
7180,0.00395105282985046,0.00243419023488231,0.000891144507617707,0.00418770520361422,0.00902447077642277,0.00682099051925783,0.00816607384778838,0.00578920155932756,0.00718500303168224,0.00574285278149466,0.00539819762756146,0.00740424430217642,0.00304804974295738,0.00297857996250346,0.00395309837654198,0.00378907954821521,0.00626759061420633,0.00329742898833648,0.00459613738266075,0.00671197884715245,0.00587818937881148,0.00758994143179291,0.00898890646402192,0.0102833247977281,0.00833760969699407,0.00721726303357034,0.00560444279296983,0.00594685705642153,0.00601521012171562,0.00596791284165653,0.00606799563138275,0.0121104442965829,0.0108304783428127,0.00802893324616004,0.00503425798495261,0.00444408107346612,0.00482223902977212,0.0118332789270831,0.00600332004092359,0.00606331469163642,0.00237283045556524,0.00309693267154206,0.00412504156648944,0.00357606517590285,0.0235230414639452,0.00205233095147575,0.00195775178575042,0.00128601832971646,0.00101497415374585,0.00115266738006885,0.00210589335332625,0.00129415708290016,0.000200338835360464,0.000656105871716419,1.02872005136938,0.000996558008941566,0.00202518870873529,0.0012891455428114,0.000393538852942868,0.00715585897400188,0.00434425959539906,0.0012815492831405,0.00794854552720264,0.00113124139705014,0.00130663157579679,0.00141390232576914,0.0
7380,0.00468310235323179,0.010118605395747,0.00542992493280724,0.00864305945366683,0.00934997287966415,0.00589950734626807,0.00628023208300579,0.0202049691384505,0.00890138888044795,0.0214300025379013,0.0820884066658507,0.0220267997728436,0.00790289591637664,0.0113383458204392,0.029420601416049,0.0081561803179781,0.0134137379859817,0.00909424172968605,0.00665805202800962,0.00902604772179515,0.00684954222001213,0.0144037846883248,0.036428564253968,0.0352177930456903,0.0120478306529051,0.0115547648318176,0.00868972626143738,0.00750390297578823,0.0125058833944828,0.0216506843680372,0.016806174783291,0.0111866807364815,0.0343787875275934,0.00892740583983441,0.0122617334349812,0.0121113905771888,0.00813649122127974,0.0219922985399779,0.00715176535184287,0.00838288004249098,0.0218724210301136,0.00755760385588595,0.00746398410418282,0.0107252331951799,0.014385848581943,0.0195763527560343,0.0163983561473955,0.0452056004184562,0.0623394506646725,0.0292137826411137,0.0170699970348518,0.020585886606212,0.00262482560496471,0.0246632998099189,0.0115986735420926,1.04402831445689,0.0266214466470668,0.010999441073247,0.00720250468946321,0.00873531918451106,0.004121034045529,0.0234221371962773,0.0101655158187798,0.00541270564672207,0.0436553999744368,0.0160896897462417,0.0
7700,0.00243326647563069,0.00259959246392024,0.00228887806992223,0.00920305305866734,0.0289525694050327,0.012872292163054,0.0105057832985913,0.00444693520601975,0.00638001082770513,0.00558327245942592,0.00692590424561053,0.00337768322895792,0.00302714985182802,0.00257181355407621,0.00332102319827733,0.00605317415093581,0.00806617954502178,0.00683896361651097,0.0122015319977036,0.0043710690967993,0.00444275801650377,0.00490609834065007,0.0043851197159312,0.00369621834058234,0.00459799053779042,0.00679411128097843,0.00835892901886767,0.00615821284198908,0.00724130142313511,0.00305728475673429,0.0045051621508166,0.00522632578793177,0.00586817838493993,0.00543426624509473,0.00538318485775779,0.00425754886468364,0.00515160926290458,0.00442696457045441,0.0122352107945543,0.00458782062483843,0.00537302522617211,0.00998571480672975,0.0296173146386628,0.0365696970694314,0.01178075327465,0.00493361537240654,0.00374797786820089,0.00877379878077193,0.01061520782842,0.0140505646959436,0.00656390506615732,0.00249769989546119,0.000532774617447816,0.00327898974262996,0.00785180328850441,0.00646796994974367,1.01877474419464,0.00370187931088672,0.00509937781800455,0.0049893661713224,0.00391319343935909,0.00752530791389092,0.00791391434112171,0.00308808049536771,0.0084318367622447,0.00417395952753135,0.0
7880,0.00816434297494816,0.00991140151486426,0.00492072690802319,0.0396050001962366,0.0146109413170647,0.0192630799976057,0.0223550753288294,0.0181732266437818,0.0193309974758565,0.0189231715664555,0.0317997206276368,0.021116907123911,0.0153084881997386,0.0136904359718284,0.019325201917546,0.0133571067470535,0.0206107275894196,0.0135735615978955,0.01080312913732,0.0211308616075258,0.0146709134360599,0.0251496584420466,0.0230554355083174,0.0298840466268684,0.0193712467233388,0.0263703115174061,0.018455952024916,0.0236405693377119,0.0214009718347686,0.0220865985394852,0.0242951151773094,0.0311696740095357,0.0257891634042858,0.0187911246572018,0.0143669635474333,0.0156666785732262,0.0174968255176267,0.0257399142330767,0.0129069357098353,0.0143467256515398,0.0376356386767375,0.0160187370788049,0.0151357005507045,0.0337807996476176,0.0336990382857086,0.0460702083811772,0.0196896794591865,0.0244468560105421,0.0409566416701378,0.132081064606245,0.048365538038459,0.0442813202636007,0.00473079470589793,0.0283823089199676,0.0168214173727656,0.0308698162304374,0.0224679180415623,1.03517296264042,0.014384555993723,0.0392029640001666,0.0363835930049103,0.0363896246190593,0.0582799167737467,0.0243279892014479,0.0385989691840307,0.0526904347327906,0.0
8000,0.00191139605627483,0.00215216307390821,0.00109818050007886,0.00291722474868916,0.00297999349566692,0.00374120838996586,0.00394252926778634,0.00492727930609712,0.00507102467299918,0.00457732028943443,0.00586704343796811,0.0104916193423914,0.00299157282921601,0.00252158113108488,0.0038883022119696,0.00505596260771076,0.00853007018401421,0.00342351623131499,0.00251277120118457,0.00300406243452185,0.00425430743842444,0.00527031826745208,0.00435195185231978,0.00590082649879066,0.00488560688393597,0.00846798020744945,0.00415423163287272,0.00402169825628629,0.00490199548646091,0.00381115063526693,0.00444850023585588,0.00484324245616977,0.00792684360439523,0.0061253912107504,0.00461339123606825,0.00335885464716753,0.00494866979718898,0.00349114512883479,0.00823585685954072,0.00355393583095279,0.00695136859089209,0.00697230134861489,0.00549650593838142,0.00847454967894189,0.0255945069615288,0.00594762711342791,0.00493639589938508,0.00415818741347236,0.0103026031147361,0.00664493688792407,0.00491639127346964,0.0101803510540343,0.000832271068891995,0.0054477509427454,0.00182498426309428,0.00672101668880731,0.00438598224779719,0.00484724815281217,1.00202234721762,0.0106891839643829,0.0103400175586241,0.0117309092405165,0.00868466956561773,0.00157168458826259,0.00591503325452839,0.00238697897540608,0.0
8400,0.00271595519907615,0.00286480590799865,0.00133862689567009,0.00377272301602092,0.00458573824303293,0.00462118150456248,0.00423368142262515,0.00495312436425786,0.00432584167900809,0.00595714507220268,0.0111074912150596,0.00784423049184641,0.0029608964422028,0.00243856587407566,0.00453649248200455,0.00441056965270888,0.00574080085586287,0.00257112562367381,0.00321197381454524,0.00406289821782965,0.00752436179151025,0.00723993170233708,0.00799783567111069,0.00744677530051103,0.00457658365564157,0.00547477714189576,0.00622056406109264,0.00594523870665296,0.00459760092617651,0.00410260867995832,0.00517204452754079,0.00420971844644945,0.0066841474189194,0.00416196787166635,0.00341540499409944,0.0033127471875592,0.00298116160281382,0.00444714567212913,0.00367514872504917,0.00272101122741066,0.00452405212197517,0.00328715722412794,0.00583748870402544,0.00628331571738957,0.00526932826422772,0.00503827122385132,0.00349933857556482,0.00569516843841583,0.0102346149772452,0.00529049926776159,0.00361554324794667,0.00363101586553386,0.000578583405384454,0.00509472453379192,0.00755410627535671,0.00765228663219971,0.00394418057036386,0.00436476402367073,0.00210365685227448,1.00332258333968,0.00179697065890556,0.00392609723121008,0.00337390776405576,0.00301618991958261,0.00675105559083473,0.00583312704248805,0.0
8591,9.936845638041e-05,0.000102249354296716,3.35838244888048e-05,0.000200442800273475,0.000147956893559883,0.000590896688259423,0.000161346325221571,0.000235257746542584,0.000172359015350078,0.000187030837757713,0.000492507260698819,0.000468270487697625,0.000109672100283986,0.000144309886130454,0.000293673032277992,0.000212557568061188,0.000239036255502985,0.000116896666540758,9.8723191493699e-05,0.000130445227817277,0.000304166587324694,0.000289465221145633,0.000540630583439466,0.00102393097570625,0.000254574717845875,0.000274852273458208,0.000254084005769449,0.000643310428448482,0.000201657417812626,0.000277251853082393,0.000677814661771592,0.000476877497590279,0.000654023340106855,0.000593844191521129,0.000302096446502732,0.000209976533342846,0.000161113090958379,0.000298233726685102,0.00013909189234339,0.000137030936627803,0.000186361615288204,0.000122901342461774,0.000119893371045005,0.000115583669543502,0.000232228771384008,0.000163886869121612,0.000128528253988079,0.000147130279590089,0.000158435350686248,0.000422487469504371,0.000298987880344199,0.000150003962161191,1.75428467038885e-05,0.000218823167625719,0.00350791626169917,0.000178014396132971,0.000284800056174947,0.000153713868156317,9.19690328231114e-05,0.000129639504677798,1.00008529000637,0.000107467066869873,0.000190387223080567,0.000170509646770537,0.000169324745507594,0.000196267572911555,0.0
8592,0.000938152003486312,0.0010652857259385,0.000529929561511318,0.00203285128358538,0.00216605487520724,0.00432400722148564,0.00353370820831877,0.00202565557815033,0.0016958891523956,0.00224846286140866,0.00283669333872751,0.00220321374586615,0.00128243912838554,0.00109138020936405,0.00152568476905762,0.0015085139077404,0.00254611235756593,0.00116767005261411,0.00160472489699606,0.00167363870124303,0.00175426245315514,0.00310620840187854,0.00245750136364189,0.00270743377520695,0.00170506305108406,0.00210984766082664,0.00420232013876193,0.00323676310193161,0.00299558766133046,0.00172381923861371,0.00211847966627621,0.00212260219087054,0.00285233078382057,0.00186986197391496,0.00130510759919253,0.00135345589704434,0.00147120878348545,0.00205451680431757,0.00104470229182681,0.00122333416833922,0.00258214260560479,0.00526575652087737,0.00570445604790828,0.00197458164394792,0.00427037755493369,0.00154761048005068,0.00127324484161924,0.00173984809633632,0.00283363733638402,0.00304306962888566,0.00126677456905388,0.00540249598015945,0.000343934749397798,0.0175495181789713,0.00534819956619464,0.00951164574463438,0.00302067519778244,0.00998083899007259,0.00531833895870667,0.00172907947728067,0.00108873409832942,1.00127864419651,0.00395195828145838,0.001036356857525,0.00183941891261411,0.00514275811574226,0.0
8691,6.46908451230866e-06,6.68132774442391e-06,1.68900351794634e-06,8.95565530805076e-06,6.32966630158652e-06,5.31106459012405e-05,7.23618322811063e-06,1.6800037782613e-05,1.12782123866177e-05,1.09925593046565e-05,4.0208067695189e-05,3.90410710327806e-05,5.60427292628366e-06,9.91343847215065e-06,2.42119815780747e-05,1.70000760800692e-05,1.66537831476911e-05,7.3458050431127e-06,3.95800058785325e-06,6.92634458528222e-06,2.40408717772048e-05,1.82465089056286e-05,4.62293842597499e-05,9.51979768049926e-05,1.91363900568e-05,1.8533744290425e-05,1.80088640625354e-05,5.94440717416048e-05,1.27362077467668e-05,2.02945074768491e-05,6.28955524421199e-05,3.96845109308306e-05,5.96280894525668e-05,5.55559915179919e-05,2.68133737612729e-05,1.63522966029359e-05,1.05184947557266e-05,2.25401213184638e-05,9.38182854194181e-06,8.59522043797155e-06,7.55644005588986e-06,4.78871097955969e-06,3.98069023357018e-06,3.87336970953968e-06,1.01993246174037e-05,4.87756705724146e-06,7.19339737547845e-06,6.97213610845163e-06,3.12791095124344e-06,1.60598988180755e-05,2.10618401158046e-05,2.22952556031701e-06,4.48304514083098e-07,1.82880457478214e-06,0.000357485890077674,4.07456453097041e-06,2.12814811071901e-05,3.42328441787026e-06,9.80671473864174e-07,4.88543361763364e-06,2.79265625515796e-06,2.3159984834341e-06,1.00000705876968,0.00124155836613736,3.33890242156391e-06,3.50154422902576e-06,0.0
8692,1.00536879565893e-05,1.30855468523128e-05,5.72472972832877e-06,1.56020737874881e-05,1.67363132323376e-05,1.56280429641715e-05,1.64784979502781e-05,2.60478703779514e-05,1.8104848268202e-05,2.30145081707531e-05,2.429878986513e-05,1.93306206739049e-05,2.73354083152932e-05,2.75256765563646e-05,2.26553144929491e-05,1.82053559830814e-05,2.1829724771325e-05,1.88889689195574e-05,1.30313727864291e-05,2.15969320329405e-05,1.64303622492542e-05,2.11170050934402e-05,2.76200328077329e-05,2.52745938421546e-05,2.4410602141653e-05,2.30526739124265e-05,2.135872258651e-05,1.9477479706269e-05,2.2464943223872e-05,2.01630988034858e-05,2.34621381576606e-05,2.32374374949472e-05,2.52585633874299e-05,2.3109694387828e-05,1.65306472734728e-05,2.22961693519396e-05,1.67437396205853e-05,2.12747327103875e-05,1.64797898247579e-05,1.64079639427209e-05,7.63309402998767e-05,1.97076421750214e-05,2.04002760098125e-05,2.02703904413821e-05,5.21630642233876e-05,9.87316928026476e-05,5.04031771496164e-05,3.52390957045497e-05,5.23224143297129e-05,4.60195091324278e-05,2.97670294308889e-05,2.62648448490872e-05,7.46161849101112e-06,5.22920145014193e-05,3.93693521369136e-05,4.52373839631668e-05,4.31787070270439e-05,3.2163772149621e-05,1.74699283429603e-05,0.000102946891631123,2.744619519566e-05,7.30474402347636e-05,8.13780738908999e-05,1.13611213228713,0.00019519317385937,5.63533269482727e-05,0.0
9080,0.000272877038352785,0.000553946358478146,0.000297602468034424,0.000508594515750092,0.000564787189405901,0.000380589605740145,0.000398784508582306,0.00110763969464354,0.000523666471465022,0.00117275008092465,0.0042420622684683,0.00117806275051944,0.000483465961447442,0.00067718560371509,0.00157099655080845,0.000501065245449113,0.000769242992303458,0.000592494553032225,0.000395745433252371,0.000532174367480703,0.000411205341674645,0.000808328861695011,0.0019153350526598,0.00185847406115535,0.00069583570911156,0.000687996313220563,0.00051638768697998,0.000451179724947824,0.000728934770276072,0.00120869661775777,0.000954660731342023,0.000659554640031613,0.00186543747760824,0.00059158092414463,0.00069501878994037,0.000707995190400529,0.000468721962947203,0.00118558195445402,0.000406636907836489,0.000479201535096854,0.00123315483479973,0.000454095400577259,0.000437059172000179,0.000606602346351632,0.000895519296621561,0.00187799942511008,0.000914849112624709,0.00241175881707704,0.0724295073935076,0.006466360540907,0.00101475029163368,0.0011611414926614,0.000148471574105257,0.00136278976639754,0.000667683788800649,0.0242845161885439,0.00142907651404977,0.000772631025780412,0.000424801469575161,0.00147822973879089,0.000494404339025653,0.0013127174037371,0.000941663473699106,0.000418551889953629,1.02529352338617,0.00870317188760124,0.0
9480,0.00159397187421328,0.00177247091435257,0.00137449531863147,0.00392860782414512,0.005917012781189,0.00567377835718203,0.0050996078405049,0.00337644203385621,0.00343690844461014,0.00326642878303334,0.00511208617923477,0.00296727010394848,0.00307026642245044,0.00344234677492715,0.00364141763462052,0.00471030661828244,0.00380378724108758,0.00416969684616891,0.00332585097477571,0.00321989878769691,0.00256325506919648,0.00276142826275846,0.00360476660452348,0.00355855185544819,0.00380556832958901,0.00455038043672826,0.00363711053625268,0.00307590000894076,0.00496910945187322,0.00483194078220601,0.00442787285745095,0.00403653459449915,0.00477424731797698,0.0042112379981885,0.00340277430026078,0.00370112900065959,0.00181728904675875,0.00471912963743835,0.00120022460903845,0.00196023557097846,0.00425935312621907,0.00329184748516501,0.00251561953131212,0.00286031654898137,0.0114075111311824,0.00810600034971905,0.00252007667857444,0.00397157975633322,0.0067809753749419,0.0241491619675048,0.0101505181473699,0.00512842079193622,0.000505018280036317,0.00360341649842948,0.00228394417387004,0.00956030319249459,0.00450137150702511,0.0063825296984296,0.00169855967932869,0.00207489469766395,0.000986209867967178,0.0049669344062064,0.00848867893846283,0.011741953175662,0.00217559575309441,1.0054340048478,0.0
9700,0.0,0.0,0.0,0.0,0.0,0.0,0.0,0.0,0.0,0.0,0.0,0.0,0.0,0.0,0.0,0.0,0.0,0.0,0.0,0.0,0.0,0.0,0.0,0.0,0.0,0.0,0.0,0.0,0.0,0.0,0.0,0.0,0.0,0.0,0.0,0.0,0.0,0.0,0.0,0.0,0.0,0.0,0.0,0.0,0.0,0.0,0.0,0.0,0.0,0.0,0.0,0.0,0.0,0.0,0.0,0.0,0.0,0.0,0.0,0.0,0.0,0.0,0.0,0.0,0.0,0.0,1.0
