year,cnae_section,irpj,csll
2017,A,154422811.29,80730376.36
2017,B,380176085.34,160593326.44
2017,C,2544520188.38,1168990630.04
2017,D,836620799.56,357266685.91
2017,E,63586002.30,29137442.85
2017,F,723201019.22,393985888.26
2017,G,2716845878.32,1440229569.70
2017,H,772437930.65,351991881.22
2017,I,143701383.95,76921081.19
2017,IN,193767.62,59483.62
2017,J,623770837.71,280114967.08
2017,K,9060706163.27,7477910695.48
2017,L,730229105.62,359223881.06
2017,M,1359942857.15,568456891.32
2017,N,1030743899.91,452716922.33
2017,NI,197393.44,78694.50
2017,O,16063646.87,12361507.31
2017,P,96830626.01,39257555.77
2017,PF,733053.16,487581.62
2017,Q,598003138.66,284450003.95
2017,R,48432253.95,20350378.05
2017,S,27488494.90,12418843.97
2017,T,4126.22,3385.73
2017,U,0.00,0.00
2017,A,23997336.10,12279332.73
2017,B,628747919.69,122608300.83
2017,C,999829960.02,509483452.89
2017,D,346603701.98,184339610.35
2017,E,211963869.04,95722827.72
2017,F,170097424.54,80776640.58
2017,G,1155415860.16,570172953.64
2017,H,379843887.79,157670401.51
2017,I,58929297.17,30071155.98
2017,IN,16487.87,25494.55
2017,J,281514035.42,124580221.58
2017,K,2016879546.65,1290235171.69
2017,L,89285565.45,43771844.21
2017,M,291843579.07,112152477.32
2017,N,378178205.03,163164402.32
2017,NI,29546.34,5555.30
2017,O,11401960.15,5983088.80
2017,P,36085870.56,13538682.71
2017,PF,842055.57,499813.30
2017,Q,128240334.47,61732570.39
2017,R,21961845.07,8945593.23
2017,S,11687187.37,5022495.89
2017,T,25362.60,10169.45
2017,U,0.00,0.00
2017,A,44365705.85,19565562.92
2017,B,110607460.13,52186780.94
2017,C,1306329024.02,684086403.43
2017,D,426963306.96,185300876.96
2017,E,213443735.72,88851809.18
2017,F,183352074.52,81743768.36
2017,G,1176844279.10,528496313.27
2017,H,533414841.07,221867235.64
2017,I,49376521.66,24998916.33
2017,IN,28957.49,12463.74
2017,J,327166305.11,133567631.34
2017,K,2809383861.69,2359442160.52
2017,L,83977008.78,40655991.91
2017,M,327039121.82,129912862.26
2017,N,367560289.71,148363049.49
2017,NI,618947.96,4492.54
2017,O,10660321.70,4253061.01
2017,P,38843487.67,14979954.76
2017,PF,713875.73,530896.41
2017,Q,170100148.86,74487775.06
2017,R,15746214.27,6166560.88
2017,S,31805164.71,12178461.36
2017,T,565.73,525.29
2017,U,0.00,0.00
2017,A,103106780.59,56624414.40
2017,B,110136387.74,59974480.62
2017,C,1690023005.27,892015062.72
2017,D,427450539.97,204215386.67
2017,E,162303845.15,75583093.27
2017,F,532729372.09,292778158.52
2017,G,1971353506.33,1092889888.35
2017,H,538797077.02,243610752.33
2017,I,111182786.65,62305131.90
2017,IN,438589.96,51115.60
2017,J,439439290.86,200537101.30
2017,K,2142565035.12,1311690501.82
2017,L,643499608.69,305656255.53
2017,M,831204716.22,330790045.02
2017,N,804837687.75,375709975.50
2017,NI,44241.53,7495.48
2017,O,4547549.30,5546224.49
2017,P,99547331.88,38825381.80
2017,PF,652469.16,494980.90
2017,Q,527078419.63,256434098.40
2017,R,50771839.94,20568560.04
2017,S,27031358.32,11722429.01
2017,T,4013.18,3267.67
2017,U,0.00,0.00
2017,A,18760755.92,10011936.57
2017,B,56254976.10,28269700.54
2017,C,972355106.41,512924111.90
2017,D,197379952.43,119552356.86
2017,E,179624189.18,73584149.77
2017,F,146201665.22,73899236.09
2017,G,926327188.18,467898169.55
2017,H,254664547.18,115620159.64
2017,I,46916617.65,23295858.20
2017,IN,476335.79,15458.06
2017,J,259048980.21,113377115.96
2017,K,1428064762.93,861590765.35
2017,L,89750539.97,43624064.86
2017,M,262805650.60,105034345.46
2017,N,267861425.86,121207262.09
2017,NI,34828.06,5493.10
2017,O,12185481.68,2229887.90
2017,P,37441099.81,14273475.35
2017,PF,1220301.77,599278.34
2017,Q,126101194.69,64429221.31
2017,R,13852768.94,5882796.21
2017,S,12586865.22,5476081.08
2017,T,782.43,534.67
2017,U,0.00,0.00
2017,A,23086062.36,11531385.56
2017,B,67766250.64,33772948.48
2017,C,923799117.83,514047362.83
2017,D,182000136.25,110889899.11
2017,E,180929162.28,80621613.43
2017,F,130662210.77,63331022.93
2017,G,978036805.34,489084421.16
2017,H,271071101.25,128479552.98
2017,I,40435561.10,20446003.12
2017,IN,24900.26,16072.33
2017,J,275553504.18,113684037.30
2017,K,1190778632.98,822568975.54
2017,L,85974695.30,41545000.84
2017,M,254860672.06,96803568.68
2017,N,266983939.68,121562945.10
2017,NI,34744.57,3712.69
2017,O,52258152.17,2031934.59
2017,P,35963756.40,13868945.67
2017,PF,547497.29,491344.87
2017,Q,128142160.46,63166691.08
2017,R,10231321.59,4134391.49
2017,S,9059773.52,4167554.13
2017,T,751.32,102.21
2017,U,0.00,0.00
2017,A,103886784.19,59373966.49
2017,B,71786602.01,43262101.28
2017,C,1426262801.14,811958598.22
2017,D,240454464.95,161200256.99
2017,E,140935945.35,58885862.41
2017,F,555105790.15,313411648.49
2017,G,1978289810.82,1129579651.42
2017,H,541003722.14,247172706.05
2017,I,105838776.23,57718488.82
2017,IN,80148.10,89245.75
2017,J,625518626.08,257295676.32
2017,K,1442839401.80,1086857924.80
2017,L,644089987.95,326066954.82
2017,M,906555884.46,370214951.56
2017,N,577718927.84,325529130.18
2017,NI,111962.23,11080.03
2017,O,626094852.39,3209608.89
2017,P,85831938.65,33719946.92
2017,PF,532743.78,413190.45
2017,Q,553814802.08,275322486.08
2017,R,46181436.26,19362052.99
2017,S,26778755.35,11518978.66
2017,T,2229.48,1975.94
2017,U,0.00,0.00
2017,A,23940478.05,12044711.46
2017,B,35884227.89,31716636.92
2017,C,1747032373.32,798306120.26
2017,D,236580240.63,147680482.53
2017,E,136799341.50,65551537.55
2017,F,157677831.63,75094607.24
2017,G,1065414524.26,544089742.94
2017,H,347326516.78,146684494.92
2017,I,50834698.70,24695719.84
2017,IN,52106.02,30180.92
2017,J,299979251.85,132308997.22
2017,K,2044108798.37,1399331105.85
2017,L,86314938.49,42170048.37
2017,M,275578858.77,108328541.71
2017,N,313871926.05,137118024.05
2017,NI,83201.26,11435.13
2017,O,11730951.97,5520912.70
2017,P,45745299.78,14382010.21
2017,PF,1806945.89,1154816.20
2017,Q,160704772.06,76622899.37
2017,R,20330770.14,7724978.21
2017,S,12453933.28,4766604.86
2017,T,319.42,1156.16
2017,U,0.00,0.00
2017,A,22621532.90,12973527.93
2017,B,46429554.05,24933526.13
2017,C,1109872475.58,596830358.98
2017,D,345989684.90,190241467.97
2017,E,158210096.97,69612232.16
2017,F,145450885.68,69304200.96
2017,G,1073849719.65,514146371.33
2017,H,332136842.33,144410063.29
2017,I,46053646.38,22904275.65
2017,IN,26726.73,23306.99
2017,J,248611651.13,99512856.86
2017,K,1942784551.44,1290714031.57
2017,L,79869291.59,38244728.14
2017,M,257096224.57,101670919.41
2017,N,276873934.34,118814966.96
2017,NI,42138.99,3952.36
2017,O,16253498.53,4675758.84
2017,P,38751983.97,14107462.94
2017,PF,2128202.80,2504990.07
2017,Q,151367030.36,177901153.92
2017,R,15426768.27,6552721.10
2017,S,14631045.17,4768287.97
2017,T,78.04,0.00
2017,U,0.00,0.00
2017,A,116786198.30,64165778.95
2017,B,109127841.01,55282129.94
2017,C,1736147228.32,918463345.19
2017,D,510683593.90,270976412.68
2017,E,177670428.90,117804033.32
2017,F,593929742.23,314709737.49
2017,G,2342649429.51,1273689831.28
2017,H,635893898.17,282433106.04
2017,I,115759016.54,62719447.20
2017,IN,46741.61,169003.36
2017,J,527986401.01,219413669.33
2017,K,2001511294.79,1143027084.13
2017,L,674237088.73,318656551.89
2017,M,953723270.65,376859546.63
2017,N,839309687.52,399993700.64
2017,NI,107072.92,26231.59
2017,O,8087406.67,4378168.97
2017,P,85635069.43,31778899.89
2017,PF,3111929.48,1898454.23
2017,Q,612190597.48,297146953.46
2017,R,52130174.48,21210938.59
2017,S,29991606.10,12938812.16
2017,T,8043.93,9480.17
2017,U,0.00,0.00
2017,A,34465473.09,15951026.30
2017,B,54516169.54,32438448.16
2017,C,1289920628.87,712901204.05
2017,D,291794329.15,180253291.86
2017,E,172006007.43,90766359.65
2017,F,173252208.21,95918391.98
2017,G,1191726504.88,561155977.30
2017,H,359613849.93,151128406.33
2017,I,54463901.27,26664849.67
2017,IN,10249.41,14832.60
2017,J,317535024.71,134396147.87
2017,K,1423834971.21,857609700.37
2017,L,97536375.37,46424267.68
2017,M,291722217.46,109751489.95
2017,N,345469150.78,155693525.54
2017,NI,35162.30,2817.41
2017,O,6888537.57,3043027.88
2017,P,47913650.62,14018568.99
2017,PF,6652103.89,2354007.60
2017,Q,166428331.51,79990767.59
2017,R,18843606.13,7411839.97
2017,S,12779175.82,5347284.26
2017,T,304.92,839.82
2017,U,0.00,0.00
2017,A,35500081.08,16769013.96
2017,B,98283035.45,52415471.89
2017,C,1323498009.23,686209378.16
2017,D,279956231.61,200948181.76
2017,E,177672357.30,93769538.15
2017,F,199296557.35,88177541.59
2017,G,1248915678.85,589918314.81
2017,H,288331955.93,131734803.15
2017,I,53002119.15,26158736.93
2017,IN,2948.58,19711.23
2017,J,312521588.58,121331267.44
2017,K,1451802321.37,899769126.13
2017,L,86064347.46,39278281.43
2017,M,580829312.90,242454426.68
2017,N,380393133.15,170246462.99
2017,NI,801649.15,30133.37
2017,O,10171333.61,3534553.50
2017,P,43724862.09,12702016.56
2017,PF,9626444.47,3603725.64
2017,Q,139661660.33,64798878.98
2017,R,38514614.68,15277537.37
2017,S,12728711.86,5754230.82
2017,T,226.89,688.15
2017,U,0.00,0.00
2018,A,138498558.53,75698457.95
2018,B,792943919.38,290190695.32
2018,C,2954862272.36,1340131716.28
2018,D,1275368763.53,519213350.02
2018,E,80971462.19,40424373.16
2018,F,673980824.93,363682552.34
2018,G,2674281920.01,1440064209.91
2018,H,768924394.51,350112178.78
2018,I,134915070.93,72925268.46
2018,IN,172426.97,82502.35
2018,J,895664501.80,376413780.84
2018,K,8473356162.84,6820551914.11
2018,L,737050280.10,355280733.45
2018,M,1560404049.40,618223978.87
2018,N,844965183.29,360053336.00
2018,NI,111130.48,7916.70
2018,O,4108454.84,3002974.00
2018,P,131417841.17,50358039.83
2018,PF,14245961.95,5329362.38
2018,Q,723476561.35,329632038.93
2018,R,51467023.98,21904491.18
2018,S,38850518.91,17555919.09
2018,T,5231.71,4538.14
2018,U,0.00,0.00
2018,A,29966530.55,16360488.51
2018,B,89129804.67,49286878.46
2018,C,1152835292.98,570380019.11
2018,D,571335249.75,284446287.11
2018,E,224905475.90,110226880.15
2018,F,152490186.75,72255351.73
2018,G,1187480940.60,566777413.67
2018,H,413698687.04,190651087.10
2018,I,62042024.59,33497625.37
2018,IN,34316.61,20048.12
2018,J,1337748983.73,484634714.11
2018,K,2411406949.76,1609018619.14
2018,L,101591309.88,47358150.07
2018,M,322117218.11,124228472.68
2018,N,364229834.68,154726568.47
2018,NI,12075.23,3329.40
2018,O,6745762.91,5422495.48
2018,P,40448852.34,14822919.86
2018,PF,2970747.21,962188.02
2018,Q,170329457.82,77027452.54
2018,R,23137237.08,11531702.30
2018,S,22096848.31,9017722.29
2018,T,368.81,1008.16
2018,U,0.00,0.00
2018,A,37030304.70,14388065.65
2018,B,87837228.59,50858056.06
2018,C,2213518141.69,1093088187.96
2018,D,649482015.74,308686359.67
2018,E,160843519.29,72519957.47
2018,F,152656341.63,68785248.83
2018,G,1124747411.42,520445327.85
2018,H,385327624.64,151851260.44
2018,I,47315625.44,25277076.89
2018,IN,147309.24,10670.33
2018,J,283879299.04,113564413.94
2018,K,2075283396.94,1682675038.72
2018,L,85512472.56,40214053.39
2018,M,330802865.35,131170471.36
2018,N,254579705.75,106665473.54
2018,NI,20250.97,4856.05
2018,O,10621787.60,4981421.64
2018,P,45700466.93,16616608.93
2018,PF,1516091.03,1006937.51
2018,Q,181597922.92,72907516.45
2018,R,23458687.67,9828375.15
2018,S,12104235.31,5421260.50
2018,T,0.00,0.00
2018,U,0.00,0.00
2018,A,105505979.25,57841957.93
2018,B,89446378.50,48104349.70
2018,C,2285461442.72,1148743747.04
2018,D,509221305.44,258319843.79
2018,E,172653264.80,119173949.62
2018,F,642337032.27,326764415.84
2018,G,2209323503.97,1196119986.99
2018,H,691106369.75,328575989.21
2018,I,134743362.13,73069274.28
2018,IN,99723.54,70014.49
2018,J,717239371.62,281234675.01
2018,K,2169457911.68,1402183285.42
2018,L,672294272.91,314161501.22
2018,M,894802145.07,350985619.56
2018,N,589579489.56,232317619.06
2018,NI,19462.20,6208.68
2018,O,13964406.19,7126027.61
2018,P,134825374.11,53133857.94
2018,PF,1313531.91,1018286.60
2018,Q,568955677.60,275588628.72
2018,R,50052275.77,20454363.75
2018,S,29841365.91,12902381.37
2018,T,5151.45,3228.53
2018,U,0.00,0.00
2018,A,89952088.92,36600943.07
2018,B,61723253.35,34737589.93
2018,C,1475221229.43,702324152.63
2018,D,309187820.87,159994631.54
2018,E,112728679.38,56402271.08
2018,F,132862998.51,66047871.04
2018,G,992435658.52,484185761.29
2018,H,340493808.47,149964532.30
2018,I,44630325.30,22319198.80
2018,IN,38215.96,14172.62
2018,J,284845493.38,113577602.90
2018,K,1628673430.96,1020574032.91
2018,L,94877879.80,42977483.15
2018,M,313307577.54,121727389.58
2018,N,248309249.57,102726374.96
2018,NI,15203.87,2595.02
2018,O,9641180.23,4396462.04
2018,P,48145590.88,17214565.76
2018,PF,1239836.02,903335.59
2018,Q,171184577.15,81458375.31
2018,R,20264682.22,7637180.12
2018,S,14093925.85,5712353.48
2018,T,0.00,0.00
2018,U,0.00,0.00
2018,A,27650113.81,13675848.96
2018,B,105584252.18,60312369.81
2018,C,1338170734.72,680084639.22
2018,D,329875581.16,176867404.42
2018,E,99048224.63,47427977.47
2018,F,148079541.04,67155480.84
2018,G,904428725.00,462789177.59
2018,H,280800431.26,130626913.61
2018,I,42677855.95,21669888.47
2018,IN,17819.44,33319.24
2018,J,265077041.97,109949415.98
2018,K,1400616382.82,973434791.57
2018,L,92637745.76,44003860.24
2018,M,344474739.62,130801558.79
2018,N,245696697.67,112048531.48
2018,NI,17686.13,2909.58
2018,O,7944084.55,3251854.71
2018,P,39433038.86,15086088.18
2018,PF,1581944.53,1113468.46
2018,Q,169666918.25,76461455.55
2018,R,14492332.90,5749251.98
2018,S,10683672.12,5071374.41
2018,T,0.00,0.00
2018,U,0.00,0.00
2018,A,148076718.70,82711904.88
2018,B,340933249.88,173257411.09
2018,C,3188002672.90,1528047838.79
2018,D,467377037.72,239292981.39
2018,E,76328165.10,84270801.20
2018,F,592158958.14,320631797.01
2018,G,2301458215.30,1250902102.31
2018,H,625855406.25,289903681.69
2018,I,108735213.71,59394893.62
2018,IN,644058.45,257487.57
2018,J,1220687460.40,529481386.63
2018,K,2289423953.75,1588458011.35
2018,L,684653899.75,331720861.87
2018,M,1127863909.01,445730703.00
2018,N,580881836.71,255494341.26
2018,NI,64698.31,21567.26
2018,O,6645762.04,3823350.33
2018,P,131888317.29,56163630.10
2018,PF,2312580.47,1596084.58
2018,Q,652277403.10,313536846.28
2018,R,41064392.59,18026947.25
2018,S,30887098.38,12940942.23
2018,T,6172.69,10718.29
2018,U,0.00,0.00
2018,A,31247031.24,15836178.14
2018,B,141274738.72,75748793.59
2018,C,2264281309.31,1050663058.35
2018,D,470722791.78,246354555.84
2018,E,213586826.20,91578103.48
2018,F,172248149.75,82634440.33
2018,G,1145775589.23,548999339.64
2018,H,438152412.80,187739223.43
2018,I,55775337.08,28309049.17
2018,IN,68729.64,44741.19
2018,J,320156211.93,125934948.11
2018,K,1804926312.25,1450014403.81
2018,L,96930926.11,44745777.82
2018,M,341006699.02,138991771.30
2018,N,331346044.26,142092688.87
2018,NI,68770.35,2320.22
2018,O,8930186.78,3719835.23
2018,P,47369918.89,19243423.70
2018,PF,3137651.55,15118296.60
2018,Q,175746458.37,88302448.95
2018,R,26848501.82,10500119.83
2018,S,15202214.06,6389292.28
2018,T,531.43,518.63
2018,U,0.00,0.00
2018,A,177620024.53,68994631.09
2018,B,235236914.19,111973992.25
2018,C,2348391382.23,1080211822.86
2018,D,416469585.95,229994798.47
2018,E,84881378.87,40559945.77
2018,F,158898636.65,75714794.72
2018,G,1176344417.19,554983991.42
2018,H,383471412.31,166628609.94
2018,I,58052158.79,27172975.66
2018,IN,3448.69,1981.16
2018,J,284252170.77,116788228.68
2018,K,2130551228.86,1305260661.84
2018,L,93438277.59,42422683.64
2018,M,349098655.94,135807336.63
2018,N,280431618.19,117716788.78
2018,NI,16880.43,3899.30
2018,O,6482205.28,2722677.82
2018,P,48718206.44,19667041.39
2018,PF,1458327.60,1077252.65
2018,Q,196749860.64,89544502.70
2018,R,18201858.57,7931058.28
2018,S,13985511.04,6163560.71
2018,T,534.43,521.56
2018,U,0.00,0.00
2018,A,144799965.52,77619541.67
2018,B,203068862.77,133862532.30
2018,C,3216878462.40,1545412824.81
2018,D,602708767.62,358268056.54
2018,E,164942649.65,100919716.97
2018,F,645132917.82,335948126.66
2018,G,2481376975.61,1305664264.85
2018,H,759987956.55,337268999.28
2018,I,150683226.78,78016286.54
2018,IN,155099.77,396009.77
2018,J,578451197.83,240890075.94
2018,K,2738025440.39,1461856337.91
2018,L,741075266.03,346444009.13
2018,M,1088002183.72,422211945.72
2018,N,686508529.63,286634868.54
2018,NI,28398.74,7425.41
2018,O,6478759.25,3261776.09
2018,P,113662890.89,52356791.74
2018,PF,1428759.78,1071022.19
2018,Q,653067406.11,313105612.20
2018,R,50217952.97,19870024.69
2018,S,33174122.26,13552269.50
2018,T,11195.93,10226.91
2018,U,0.00,0.00
2018,A,56251970.11,26492012.92
2018,B,158823667.03,241409613.14
2018,C,2850236975.92,1277667443.77
2018,D,693171680.99,412028882.65
2018,E,327327822.31,140551396.18
2018,F,187533513.01,84448072.89
2018,G,1355602491.78,626336762.69
2018,H,393560544.76,184719098.09
2018,I,52073150.35,27888596.65
2018,IN,11701.40,60304.82
2018,J,271632312.69,111955823.09
2018,K,1629047104.99,1077667622.21
2018,L,95773953.04,45834458.56
2018,M,346788164.69,132007700.33
2018,N,446896425.19,209080791.00
2018,NI,15093.59,1458.24
2018,O,8471106.16,3470996.72
2018,P,43378878.92,15755115.48
2018,PF,1348740.81,1049882.45
2018,Q,195315898.62,90299515.67
2018,R,17566015.61,6617573.54
2018,S,15982903.13,6480190.64
2018,T,242.40,145.44
2018,U,0.00,0.00
2018,A,76528199.27,33814899.03
2018,B,272961789.22,187620139.33
2018,C,1688323277.66,874207470.18
2018,D,617574123.25,277846644.99
2018,E,98995665.00,52088671.91
2018,F,258423112.10,115069845.58
2018,G,1309410741.84,635638717.39
2018,H,387862732.59,177346945.17
2018,I,57665185.45,30721774.99
2018,IN,70501.80,53630.51
2018,J,315851691.21,167689487.18
2018,K,1732605331.58,1062017574.04
2018,L,116307456.54,54011438.75
2018,M,478277454.37,181137102.61
2018,N,417771142.34,187898945.37
2018,NI,635878.13,4705.64
2018,O,6531102.41,4702061.47
2018,P,43869175.02,17801922.34
2018,PF,1750521.20,1199524.79
2018,Q,185282216.92,88982030.71
2018,R,33213489.10,13707877.46
2018,S,16976701.15,7224863.86
2018,T,2216.58,1058.52
2018,U,0.00,0.00
2019,A,201545102.95,110344960.34
2019,B,1104430997.01,691330555.17
2019,C,4187556428.94,1936272910.13
2019,D,1213804310.88,572844532.72
2019,E,96332462.44,73614409.61
2019,F,739092807.23,397505019.72
2019,G,3464925700.18,1752308298.01
2019,H,1030618849.74,463775785.45
2019,I,179234927.42,91054965.78
2019,IN,72245.14,115242.86
2019,J,688600709.60,277886822.35
2019,K,8467149673.20,6879413261.84
2019,L,818306385.70,385788613.99
2019,M,1518963642.70,590969259.36
2019,N,845562593.93,347767486.47
2019,NI,31959.05,8000.94
2019,O,5242413.60,2565884.74
2019,P,114052787.85,46095986.84
2019,PF,1540187.95,1013173.51
2019,Q,714836847.84,331478399.38
2019,R,56354576.02,22887049.84
2019,S,33708188.96,14398545.96
2019,T,6243.11,4224.40
2019,U,0.00,0.00
2019,A,38909719.89,18704049.32
2019,B,306030414.90,193533191.91
2019,C,1764044863.84,850988531.86
2019,D,827425819.43,384680733.64
2019,E,275561675.73,152516200.35
2019,F,201004972.83,92136824.01
2019,G,1509584430.92,697019296.95
2019,H,399232748.21,166413994.24
2019,I,83152506.96,42459923.52
2019,IN,36458.51,1837.17
2019,J,395080111.46,159207421.17
2019,K,6193774150.10,2665853442.83
2019,L,118181141.90,54462479.30
2019,M,381003049.67,143688009.40
2019,N,481040478.53,200296724.48
2019,NI,14281.50,36342.63
2019,O,11174401.98,5237903.95
2019,P,48220758.42,19207783.16
2019,PF,1701958.94,1479428.69
2019,Q,173306698.21,83098080.64
2019,R,24875808.88,10947927.79
2019,S,19930034.92,8018771.30
2019,T,1647.20,8443.94
2019,U,0.00,0.00
2019,A,41347519.42,18478996.23
2019,B,193441331.86,70645180.14
2019,C,1780428560.01,886952190.68
2019,D,838141062.40,374796479.07
2019,E,145720554.74,90646092.64
2019,F,196325081.06,90612557.43
2019,G,1254886414.10,589010737.44
2019,H,460572762.77,168742493.67
2019,I,52256563.14,27689308.94
2019,IN,21607.80,216862.16
2019,J,311416962.02,130602808.19
2019,K,2511849779.46,1607965512.17
2019,L,100121973.44,45683413.95
2019,M,402955143.41,154991965.44
2019,N,293415590.66,120718280.32
2019,NI,17409.31,2019.54
2019,O,16790726.51,6564963.48
2019,P,67746176.10,28024448.71
2019,PF,1475337.67,1021501.68
2019,Q,205079735.87,85470212.55
2019,R,21481493.05,8813183.75
2019,S,18440448.62,7346463.60
2019,T,1595.13,1442.26
2019,U,0.00,0.00
2019,A,133378851.17,71145219.92
2019,B,510169582.20,155744495.72
2019,C,2667396630.58,1273867646.59
2019,D,706143454.42,359953470.42
2019,E,132967956.90,82582758.84
2019,F,590842064.55,309262541.56
2019,G,2547963648.50,1326583894.80
2019,H,853163337.93,384070583.18
2019,I,147153383.35,77920993.83
2019,IN,44051.98,17635.72
2019,J,550704235.21,227385013.52
2019,K,2261492237.16,1329781348.07
2019,L,780801185.80,356692417.36
2019,M,1021585087.26,406927054.72
2019,N,795241406.91,290843383.94
2019,NI,33671.69,11372.94
2019,O,12620967.90,5650134.13
2019,P,110416492.65,48421358.07
2019,PF,1696248.97,1150683.56
2019,Q,656762192.57,314067910.77
2019,R,57683308.01,23329499.98
2019,S,52171876.02,21398937.36
2019,T,14179.87,13113.44
2019,U,0.00,0.00
2019,A,36038540.76,17968872.21
2019,B,83693470.34,50022132.86
2019,C,1234857906.10,609146690.93
2019,D,471610094.15,245679343.39
2019,E,189217770.31,113035855.26
2019,F,204996424.20,94492184.25
2019,G,1144385577.86,552353302.20
2019,H,327707125.09,146376719.78
2019,I,54346627.86,27696913.71
2019,IN,36014.86,6681.40
2019,J,303323533.27,123525360.72
2019,K,1944163656.40,1037602026.63
2019,L,104019468.46,52099914.48
2019,M,333270673.35,123089325.39
2019,N,345243745.75,144593044.14
2019,NI,89589.37,41990.13
2019,O,14321734.60,5808291.81
2019,P,46231661.44,18282446.32
2019,PF,1687924.93,1194574.71
2019,Q,176013879.94,83486617.39
2019,R,24029202.68,9845164.85
2019,S,15444369.77,6670000.37
2019,T,555.53,542.15
2019,U,0.00,0.00
2019,A,36351665.42,17429664.81
2019,B,497254972.41,218594454.19
2019,C,1598601308.86,857156596.60
2019,D,557808826.54,296383664.27
2019,E,160563404.69,93111730.95
2019,F,161512435.71,74521239.43
2019,G,1093285353.26,522684773.42
2019,H,354829146.42,160969445.63
2019,I,56399827.93,26512478.25
2019,IN,47926.73,1869.95
2019,J,280159234.33,119111166.27
2019,K,1838309155.58,1007781601.70
2019,L,127638368.09,58800426.89
2019,M,329599002.18,125323401.99
2019,N,296323789.72,126531297.04
2019,NI,33346.08,3551.42
2019,O,4560007.89,4265146.95
2019,P,43788142.35,16635787.69
2019,PF,1778012.09,1200394.16
2019,Q,195945505.50,74873057.15
2019,R,22735497.71,9599246.76
2019,S,18268987.64,7714837.70
2019,T,2860.15,544.92
2019,U,0.00,0.00
2019,A,153500015.84,85133115.64
2019,B,880171389.95,413574923.65
2019,C,5227341334.39,2348305870.19
2019,D,716102276.31,368727776.40
2019,E,181472211.83,92070094.38
2019,F,639104409.07,347538787.74
2019,G,2552591724.04,1328115905.64
2019,H,729504299.76,352016564.10
2019,I,139370274.14,72999076.51
2019,IN,5266714.97,6723716.99
2019,J,611102978.97,245236099.12
2019,K,3402678076.25,2017711562.44
2019,L,778747813.50,375891808.77
2019,M,1214564651.61,477343597.50
2019,N,671265935.62,276710247.03
2019,NI,160406.50,29112.03
2019,O,5782853.02,6165203.98
2019,P,99086722.42,44038018.95
2019,PF,1815257.88,1314819.62
2019,Q,720579535.24,344467839.18
2019,R,54558466.21,22316579.36
2019,S,36252492.89,15356136.57
2019,T,14173.33,13054.62
2019,U,0.00,0.00
2019,A,42887104.26,20206301.14
2019,B,425643913.14,241431365.26
2019,C,3086475867.12,1447785720.29
2019,D,1114902816.74,529779001.81
2019,E,359356046.81,165671741.85
2019,F,171849616.33,85006910.40
2019,G,1183837363.70,568767597.63
2019,H,382236996.00,164838572.76
2019,I,72649475.48,34421023.39
2019,IN,2619.58,93897.62
2019,J,292641862.07,114697925.80
2019,K,3921516468.55,2136413506.94
2019,L,111640994.15,51569110.81
2019,M,346721564.55,133872014.42
2019,N,326953999.58,133894787.84
2019,NI,64038.38,2486.58
2019,O,4980435.40,4543462.06
2019,P,79598099.57,31307077.83
2019,PF,1794932.35,1312782.30
2019,Q,188400124.56,90653227.40
2019,R,35307416.31,14357462.37
2019,S,16839438.73,6992391.41
2019,T,563.84,550.26
2019,U,0.00,0.00
2019,A,44346905.22,21341762.99
2019,B,446126915.36,254407803.04
2019,C,1564334306.55,795096173.48
2019,D,418326793.75,228392666.59
2019,E,94769965.96,61191613.01
2019,F,173119701.04,83155193.06
2019,G,1178700719.12,562383846.57
2019,H,389689861.66,167295761.69
2019,I,71346557.66,32803365.61
2019,IN,22705.67,142497.00
2019,J,263725515.62,103565991.59
2019,K,2428386860.85,1390140184.80
2019,L,96710908.40,44982310.01
2019,M,340614012.30,132695738.23
2019,N,302721270.02,123473512.00
2019,NI,24905.36,5159.59
2019,O,5987454.48,2655306.54
2019,P,35772556.55,15006388.55
2019,PF,1856931.48,1308935.59
2019,Q,190218191.92,92360096.82
2019,R,25182581.37,10441853.34
2019,S,17200659.19,6967435.63
2019,T,566.47,552.83
2019,U,0.00,0.00
2019,A,165527528.03,87444003.38
2019,B,538986564.90,347300074.02
2019,C,2613022550.38,1343501525.23
2019,D,777973203.38,435569535.05
2019,E,152011107.04,82391747.93
2019,F,667841653.47,348405444.25
2019,G,3115751846.16,1572780937.84
2019,H,868819560.52,394373593.84
2019,I,146619689.27,75752237.61
2019,IN,475214.82,126146.05
2019,J,593730816.88,232857080.18
2019,K,2489184223.73,1277679923.45
2019,L,829723262.36,385172764.06
2019,M,1219034750.91,463745366.35
2019,N,720363402.44,297202718.93
2019,NI,57407.51,4686.11
2019,O,4999698.16,3900283.58
2019,P,101126983.31,47467749.36
2019,PF,1909346.41,1336183.56
2019,Q,734591190.09,348492570.71
2019,R,70111009.97,28104996.59
2019,S,39377805.33,16023382.33
2019,T,14716.04,13059.26
2019,U,0.00,0.00
2019,A,65766704.00,31702137.17
2019,B,395448292.23,224692354.49
2019,C,2249584526.39,1162025629.49
2019,D,627855705.08,321892364.39
2019,E,375736452.34,177383638.41
2019,F,217758794.72,99032427.75
2019,G,1405199741.39,670952679.31
2019,H,450787756.94,196399478.14
2019,I,65418816.15,32359259.13
2019,IN,34900.31,68727.31
2019,J,886235635.48,328297921.98
2019,K,2232297585.34,1184552056.43
2019,L,134912552.44,60704591.41
2019,M,441801573.78,164527051.34
2019,N,479538698.98,194659234.98
2019,NI,21803.29,4198.49
2019,O,3646816.66,4856970.28
2019,P,34850090.12,14698218.28
2019,PF,1917724.08,1412282.82
2019,Q,219900282.90,101136566.38
2019,R,46034984.16,17208208.18
2019,S,19945918.95,8167392.51
2019,T,571.42,557.66
2019,U,0.00,0.00
2019,A,94156010.33,41547674.07
2019,B,392725262.14,202438407.56
2019,C,1739295122.77,822127345.76
2019,D,321770617.63,284383919.56
2019,E,145441345.82,92090707.01
2019,F,210321003.21,95371765.82
2019,G,1263693869.48,598285782.03
2019,H,405516840.31,172263362.08
2019,I,74132369.61,33708634.86
2019,IN,14410.56,40573.45
2019,J,331795402.44,132123374.23
2019,K,1906382277.42,914685417.12
2019,L,106799915.81,51693160.37
2019,M,482881287.16,185033291.26
2019,N,389854668.48,165219459.70
2019,NI,33543.40,59937.72
2019,O,2789168.82,3824953.61
2019,P,36071345.87,12868151.76
2019,PF,2245321.81,1544021.97
2019,Q,178244201.89,83828338.92
2019,R,44062507.16,17519005.15
2019,S,16358409.05,7537165.72
2019,T,573.42,559.61
2019,U,0.00,0.00
